Ciudad,Localidad,Anio,v04_e_012,v04_e_001,v04_e_013,v04_e_014,v04_e_015,v04_e_016,v04_e_017,v04_e_018,v04_e_002,v04_e_003,v04_e_004,v04_e_005,v04_e_019,v04_e_020,v04_e_021,v04_e_022,v04_e_023,v04_e_024,v04_e_025,v04_e_027,v04_e_028,v04_e_007,v04_e_029,v04_e_030,v04_e_031,v04_e_032,v04_e_033,v04_e_034,v04_e_035,v04_e_036,v04_e_037,v04_e_038,v04_e_039,v04_e_041,v04_e_042,v04_e_043,v04_e_044,v04_e_046,v04_e_047,v04_e_049,v04_e_051,v04_e_052,v04_e_053,v04_e_054,v04_e_055,v04_e_056,v04_e_057,v04_e_059,v04_e_060,v04_e_061,v04_e_062,v04_e_063,v04_e_064,v04_e_065,v04_e_066,v04_e_067,v04_e_068,v04_e_069,v04_e_070,v04_e_071,v04_e_072,v04_e_073,v04_e_074,v04_e_075,v04_e_076,v04_e_077,v04_e_078,v04_e_079,v04_e_080,v04_e_081,v04_e_082,v04_e_083,v04_e_084,v04_e_085,v04_e_086,v04_e_087,v04_e_088,v04_e_089,v04_e_090,v04_e_091,v04_e_092,v04_e_093,v04_e_094,v04_e_095,v04_e_096,v04_e_097,v04_e_098,v04_e_099,v04_e_100,v04_e_101,v04_e_102,v04_e_103,v04_e_104,v04_e_105,v04_e_106,v04_e_107,v04_e_108,v04_e_109,v04_e_110,v04_e_111,v04_e_112,v04_e_113
Bogotá,Total Bogotá,1999,0.8740,NA,0.6903,1.0226,0.9382,0.5822,NA,NA,NA,NA,NA,NA,NA,NA,NA,NA,NA,NA,NA,NA,NA,0.0430,0.0330,NA,NA,NA,NA,NA,NA,NA,NA,0.065,0.0270,NA,NA,NA,NA,NA,NA,NA,NA,NA,NA,NA,NA,NA,NA,NA,NA,NA,NA,NA,NA,NA,NA,NA,NA,NA,NA,NA,NA,NA,NA,NA,NA,NA,NA,NA,NA,NA,NA,NA,NA,NA,NA,NA,NA,NA,NA,NA,NA,NA,NA,NA,NA,NA,NA,NA,NA,NA,NA,NA,NA,NA,NA,NA,NA,NA,NA,NA,NA,NA
Bogotá,Total Bogotá,2000,0.8800,NA,0.6966,1.0070,0.9550,0.6150,NA,NA,NA,NA,NA,NA,NA,NA,NA,NA,NA,NA,NA,NA,NA,0.0440,0.0320,NA,NA,NA,NA,NA,NA,NA,NA,0.068,0.0240,NA,NA,NA,NA,NA,NA,NA,NA,NA,NA,NA,NA,NA,NA,NA,NA,NA,NA,NA,NA,NA,NA,NA,NA,NA,NA,NA,NA,NA,NA,NA,NA,NA,NA,NA,NA,NA,NA,NA,NA,NA,NA,NA,NA,NA,NA,NA,NA,NA,NA,NA,NA,NA,NA,NA,NA,NA,NA,NA,NA,NA,NA,NA,NA,NA,NA,NA,NA,NA
Bogotá,Total Bogotá,2001,0.9000,NA,0.7065,1.0220,0.9830,0.6350,NA,NA,NA,NA,NA,NA,NA,NA,NA,NA,NA,NA,NA,NA,NA,0.0450,0.0320,NA,NA,NA,NA,NA,NA,NA,NA,0.079,0.0260,NA,NA,NA,NA,NA,NA,NA,NA,NA,NA,NA,NA,NA,NA,NA,NA,NA,NA,NA,NA,NA,NA,NA,NA,NA,NA,NA,NA,NA,NA,NA,NA,NA,NA,NA,NA,NA,NA,NA,NA,NA,NA,NA,NA,NA,NA,NA,NA,NA,NA,NA,NA,NA,NA,NA,NA,NA,NA,NA,NA,NA,NA,NA,NA,NA,NA,NA,NA,NA
Bogotá,Total Bogotá,2002,0.9210,NA,0.7186,1.1411,1.0290,0.6470,NA,NA,NA,0.9035,0.7805,0.4404,NA,NA,NA,NA,NA,NA,NA,NA,NA,0.0330,0.0260,NA,NA,NA,NA,NA,NA,NA,NA,0.078,0.0230,NA,NA,NA,NA,NA,NA,NA,NA,NA,NA,NA,NA,NA,NA,NA,NA,NA,NA,NA,NA,NA,NA,NA,NA,NA,NA,NA,NA,NA,NA,NA,NA,NA,NA,NA,NA,NA,NA,NA,NA,NA,NA,NA,NA,NA,NA,NA,NA,NA,NA,NA,NA,NA,NA,NA,NA,NA,NA,NA,NA,NA,NA,NA,NA,NA,NA,NA,NA,0.2550
Bogotá,Total Bogotá,2003,0.9490,NA,0.7305,1.0700,1.0520,0.6530,NA,NA,NA,0.8548,0.7242,0.4251,NA,NA,NA,NA,NA,NA,NA,NA,NA,0.0320,0.0220,NA,NA,NA,NA,NA,NA,NA,NA,0.027,0.0150,NA,NA,NA,NA,NA,NA,NA,NA,NA,NA,NA,NA,NA,NA,NA,NA,NA,NA,NA,NA,NA,NA,NA,NA,NA,NA,NA,NA,NA,NA,NA,NA,NA,NA,NA,NA,NA,NA,NA,NA,NA,NA,NA,NA,NA,NA,NA,NA,NA,NA,NA,NA,NA,NA,NA,NA,NA,NA,NA,NA,NA,NA,NA,NA,NA,NA,NA,NA,0.2560
Bogotá,Total Bogotá,2004,0.9670,NA,0.6882,1.0620,1.0500,0.8320,NA,NA,NA,0.8508,0.6886,0.3717,NA,NA,NA,NA,NA,NA,NA,NA,NA,0.0320,0.0220,NA,NA,NA,NA,NA,NA,NA,NA,0.026,0.0160,NA,NA,NA,NA,NA,NA,NA,NA,NA,NA,NA,NA,NA,NA,NA,NA,NA,NA,NA,NA,NA,NA,NA,NA,NA,NA,NA,NA,NA,NA,NA,NA,NA,NA,NA,NA,NA,NA,NA,NA,NA,NA,NA,NA,NA,NA,NA,NA,NA,NA,NA,NA,NA,NA,NA,NA,NA,NA,NA,NA,NA,NA,NA,NA,NA,NA,NA,NA,0.2700
Bogotá,Total Bogotá,2005,0.9690,NA,0.6990,1.0620,1.0450,0.8410,NA,0.9070,NA,0.8979,0.7380,0.4451,NA,NA,NA,NA,6434,NA,NA,NA,NA,0.0320,0.0190,NA,NA,NA,NA,NA,NA,NA,NA,0.031,0.0180,NA,NA,NA,NA,NA,NA,NA,NA,NA,0.0240,NA,NA,NA,30.37,136490,NA,NA,NA,NA,NA,NA,NA,NA,NA,NA,NA,NA,NA,NA,NA,0.2790,NA,NA,NA,NA,NA,NA,NA,NA,NA,NA,NA,NA,NA,NA,NA,NA,NA,NA,NA,NA,NA,NA,NA,NA,NA,NA,NA,NA,NA,NA,NA,NA,NA,NA,NA,NA,NA,0.2840
Bogotá,Total Bogotá,2006,0.9710,NA,0.7192,1.0570,1.0400,0.8570,NA,0.9070,NA,0.9073,0.7548,0.4657,NA,NA,NA,NA,5993,NA,NA,NA,NA,0.0350,0.0180,NA,NA,NA,NA,NA,NA,NA,NA,0.031,0.0150,NA,NA,NA,NA,NA,NA,NA,NA,NA,0.0210,NA,NA,NA,30.97,171338,NA,NA,NA,NA,NA,NA,NA,NA,NA,NA,NA,NA,NA,NA,NA,0.5860,NA,NA,NA,NA,NA,NA,NA,NA,NA,NA,NA,NA,NA,NA,NA,NA,NA,NA,NA,NA,NA,NA,NA,NA,NA,NA,NA,NA,NA,NA,NA,NA,NA,NA,NA,NA,NA,0.3010
Bogotá,Total Bogotá,2007,0.9870,NA,0.7492,1.0760,1.0520,0.8590,NA,0.9220,NA,0.8549,0.7932,0.5479,NA,NA,NA,NA,4521,NA,NA,NA,NA,0.0360,0.0150,NA,NA,NA,NA,NA,NA,NA,NA,0.034,0.0140,NA,NA,NA,NA,NA,NA,NA,NA,10.56,0.0050,NA,NA,NA,30.00,206791,NA,NA,NA,NA,NA,NA,NA,NA,NA,NA,NA,NA,NA,NA,NA,0.1770,NA,NA,NA,NA,NA,NA,NA,NA,NA,NA,NA,NA,NA,NA,NA,NA,NA,NA,NA,NA,NA,NA,NA,NA,NA,NA,NA,NA,NA,NA,NA,NA,NA,NA,NA,NA,NA,0.3160
Bogotá,Total Bogotá,2008,1.0259,NA,0.9250,1.0880,1.0670,0.8450,NA,0.9649,0.8600,1.0390,0.9060,0.6210,NA,NA,NA,NA,5148,NA,NA,NA,109416,0.0360,0.0150,NA,NA,NA,NA,NA,NA,NA,NA,0.0319,0.0130,NA,NA,NA,NA,NA,NA,NA,NA,10.63,0.0057,NA,NA,NA,29.50,224024,NA,NA,NA,NA,NA,NA,NA,NA,NA,NA,NA,NA,NA,NA,NA,0.1810,0.6120,0.3210,0.4640,0.8220,0.3880,NA,NA,NA,NA,NA,NA,NA,NA,NA,NA,NA,NA,NA,NA,NA,NA,NA,NA,NA,NA,NA,NA,NA,NA,NA,NA,NA,NA,NA,NA,NA,NA,0.3410
Bogotá,Total Bogotá,2009,1.0283,NA,0.8910,1.0860,1.0800,0.8570,NA,0.9689,0.8559,1.0410,0.9210,0.6189,1497771,NA,NA,NA,15903,NA,NA,NA,98277,0.0370,0.0140,NA,NA,NA,NA,NA,NA,NA,NA,0.033,0.0170,NA,NA,NA,NA,NA,NA,NA,NA,10.47,0.0045,NA,NA,NA,29.56,185826,NA,NA,NA,NA,NA,NA,NA,NA,NA,NA,NA,NA,NA,NA,NA,0.3340,0.6750,0.5000,0.5430,0.6670,0.3250,NA,NA,NA,NA,NA,NA,NA,NA,NA,NA,NA,NA,NA,NA,NA,NA,NA,NA,NA,NA,NA,NA,NA,NA,NA,NA,NA,NA,NA,NA,NA,NA,0.3560
Bogotá,Total Bogotá,2010,1.0308,NA,0.8900,1.0670,1.0910,0.8940,NA,0.9569,0.8319,1.0080,0.9130,0.5809,1488138,1214,27934,6434,36111,58588,46472,66236,110517,0.0390,0.0120,NA,NA,NA,NA,NA,NA,NA,0.0110,0.037,0.0190,NA,NA,NA,0.0140,NA,NA,NA,NA,10.59,0.0062,NA,NA,NA,30.08,93519,NA,NA,NA,NA,NA,NA,NA,NA,NA,NA,NA,NA,NA,NA,NA,0.3940,0.7020,0.5720,0.5900,0.6060,0.2980,NA,NA,NA,NA,NA,NA,NA,NA,NA,NA,NA,NA,NA,NA,NA,NA,NA,NA,NA,NA,NA,NA,NA,NA,NA,NA,NA,NA,NA,NA,NA,NA,0.3720
Bogotá,Total Bogotá,2011,1.0099,0.7690,0.8560,1.0260,1.0770,0.9140,1.0290,0.9419,0.7790,0.9370,0.8880,0.5819,1479334,354,27262,5993,35555,57291,44124,63638,106941,0.0390,0.0110,NA,NA,NA,NA,NA,NA,NA,0.0090,0.086,0.0280,NA,NA,NA,0.0170,NA,NA,NA,NA,10.68,0.0042,NA,NA,NA,29.00,106761,NA,NA,NA,NA,NA,NA,NA,NA,NA,NA,NA,NA,NA,NA,NA,0.5720,0.7900,0.7240,0.7770,0.4290,0.2100,NA,NA,NA,NA,NA,NA,NA,NA,NA,NA,NA,NA,NA,NA,NA,NA,NA,NA,NA,NA,NA,NA,NA,NA,NA,NA,NA,NA,NA,NA,NA,NA,0.6830
Bogotá,Total Bogotá,2012,0.9930,0.7850,0.8328,0.9719,1.0783,0.8831,NA,0.9579,0.8209,0.8930,0.9050,0.6460,1471719,439,23698,4521,32157,56044,42919,61004,98774,0.0310,0.0100,0.0270,NA,0.0240,NA,0.0410,NA,0.0310,NA,0.082,0.0240,NA,NA,NA,0.0120,NA,NA,NA,NA,10.60,0.0050,NA,NA,NA,26.99,78942,NA,NA,NA,NA,NA,NA,NA,NA,NA,NA,NA,NA,NA,NA,NA,0.6000,0.7860,0.7930,0.7920,0.4000,0.2140,NA,NA,NA,NA,NA,NA,NA,NA,NA,NA,NA,NA,NA,NA,NA,NA,NA,NA,NA,NA,NA,NA,NA,NA,NA,NA,NA,NA,NA,NA,NA,NA,0.6900
Bogotá,Total Bogotá,2013,0.9721,0.7060,0.8687,0.9807,1.0452,0.8596,NA,0.9000,0.8129,0.8890,0.9210,0.6720,1465194,679,24874,5148,35202,54236,49340,60063,109416,0.0260,0.0090,0.0250,0.0120,0.0200,0.0080,0.0350,0.0100,0.0250,0.0080,0.07,0.0190,0.0060,NA,0.0470,0.0120,0.1120,NA,0.0620,NA,10.70,0.0050,NA,NA,NA,25.30,83483,NA,NA,NA,NA,NA,NA,NA,NA,NA,NA,NA,NA,NA,NA,NA,0.6020,0.7720,0.7590,0.7520,0.3980,0.2280,NA,NA,NA,NA,NA,NA,NA,NA,NA,NA,NA,NA,NA,NA,NA,NA,NA,NA,NA,NA,NA,NA,NA,NA,NA,NA,NA,NA,NA,NA,NA,NA,NA
Bogotá,Total Bogotá,2014,0.9700,0.7006,0.9700,0.9534,1.0619,0.9031,NA,0.8950,0.7850,0.8820,0.9290,0.7120,1459764,10708,21072,15903,31572,52304,45633,78915,98277,0.0231,0.0080,0.0207,0.0090,0.0180,0.0070,0.0310,0.0100,0.0200,0.0060,0.064,0.0190,0.0030,0.0050,0.0430,0.0110,0.0990,0.0370,0.0560,0.0180,10.10,0.0040,22.90,28.50,24.60,25.80,89298,0.1098,0.6128,0.2774,0.5404,0.2113,0.1645,0.2800,0.6800,0.0400,0.2913,0.5354,0.1732,1.0000,0.0000,0.0000,NA,NA,NA,NA,NA,NA,0.3100,0.3800,0.2300,0.0800,0.2000,0.3300,0.3600,0.1100,0.1000,0.4500,0.3600,0.0900,0.3700,0.3300,0.2200,0.0900,0.1800,0.2300,0.3000,0.2900,0.0900,0.3000,0.4700,0.1400,0.2000,0.2600,0.4600,0.0800,0.1400,0.3400,0.4300,0.1000,NA
Bogotá,Total Bogotá,2015,0.9580,NA,0.8200,0.9640,1.0300,0.8750,NA,0.8950,NA,NA,NA,NA,1455309,14145,22025,21377,31706,51502,46845,87024,100576,NA,NA,NA,NA,NA,NA,NA,NA,NA,NA,0.0573,0.0197,0.0031,0.0069,0.0379,0.0105,0.0922,0.0381,0.0480,0.0156,10.20,NA,22.60,28.30,23.40,25.00,161800,0.1300,0.6160,0.2540,0.7510,0.1800,0.0680,0.5500,0.4500,0.0000,0.2940,0.5490,0.1570,1.0000,0.0000,0.0000,NA,NA,NA,NA,NA,NA,0.3000,0.3600,0.2400,0.1000,0.2200,0.3500,0.3400,0.0900,0.1000,0.4500,0.3600,0.0900,0.3800,0.3000,0.2300,0.0800,0.2200,0.2700,0.3000,0.2000,0.0800,0.2800,0.5100,0.1300,NA,NA,NA,NA,NA,NA,NA,NA,NA
Bogotá,Usaquén,2005,NA,NA,NA,NA,NA,NA,NA,NA,NA,NA,NA,NA,NA,NA,NA,NA,103,NA,NA,NA,10860,0.0200,NA,NA,NA,NA,NA,NA,NA,NA,NA,0.035,NA,NA,NA,NA,NA,NA,NA,NA,NA,NA,NA,NA,NA,NA,31.64,NA,NA,NA,NA,NA,NA,NA,NA,NA,NA,NA,NA,NA,NA,NA,NA,NA,NA,NA,NA,NA,NA,NA,NA,NA,NA,NA,NA,NA,NA,NA,NA,NA,NA,NA,NA,NA,NA,NA,NA,NA,NA,NA,NA,NA,NA,NA,NA,NA,NA,NA,NA,NA,NA,NA
Bogotá,Usaquén,2006,NA,NA,NA,NA,NA,NA,NA,NA,NA,NA,NA,NA,NA,NA,NA,NA,101,NA,NA,NA,10454,0.0150,NA,NA,NA,NA,NA,NA,NA,NA,NA,0.027,NA,NA,NA,NA,NA,NA,NA,NA,NA,NA,NA,NA,NA,NA,31.09,NA,NA,NA,NA,NA,NA,NA,NA,NA,NA,NA,NA,NA,NA,NA,NA,NA,NA,NA,NA,NA,NA,NA,NA,NA,NA,NA,NA,NA,NA,NA,NA,NA,NA,NA,NA,NA,NA,NA,NA,NA,NA,NA,NA,NA,NA,NA,NA,NA,NA,NA,NA,NA,NA,NA
Bogotá,Usaquén,2007,NA,NA,NA,NA,NA,NA,NA,NA,NA,NA,NA,NA,NA,NA,NA,NA,52,NA,NA,NA,9389,0.0100,NA,NA,NA,NA,NA,NA,NA,NA,NA,0.046,NA,NA,NA,NA,NA,NA,NA,NA,NA,NA,NA,NA,NA,NA,30.32,NA,NA,NA,NA,NA,NA,NA,NA,NA,NA,NA,NA,NA,NA,NA,NA,NA,NA,NA,NA,NA,NA,NA,NA,NA,NA,NA,NA,NA,NA,NA,NA,NA,NA,NA,NA,NA,NA,NA,NA,NA,NA,NA,NA,NA,NA,NA,NA,NA,NA,NA,NA,NA,NA,NA
Bogotá,Usaquén,2008,1.1346,NA,NA,1.2297,1.1699,0.8930,NA,NA,NA,NA,NA,NA,NA,NA,NA,NA,30,NA,NA,NA,9458,0.0160,NA,NA,NA,NA,NA,NA,NA,NA,NA,0.0291,NA,NA,NA,NA,NA,NA,NA,NA,NA,NA,NA,NA,NA,NA,30.65,NA,NA,NA,NA,NA,NA,NA,NA,NA,NA,NA,NA,NA,NA,NA,NA,NA,NA,NA,NA,NA,NA,NA,NA,NA,NA,NA,NA,NA,NA,NA,NA,NA,NA,NA,NA,NA,NA,NA,NA,NA,NA,NA,NA,NA,NA,NA,NA,NA,NA,NA,NA,NA,NA,NA
Bogotá,Usaquén,2009,1.1033,NA,1.0550,1.1572,1.1617,0.9051,NA,NA,NA,NA,NA,NA,79323,NA,NA,NA,543,NA,NA,NA,9295,0.0310,NA,NA,NA,NA,NA,NA,NA,NA,NA,0.026,NA,NA,NA,NA,NA,NA,NA,NA,NA,NA,NA,NA,NA,NA,30.08,NA,NA,NA,NA,NA,NA,NA,NA,NA,NA,NA,NA,NA,NA,NA,NA,0.30,NA,NA,NA,NA,NA,NA,NA,NA,NA,NA,NA,NA,NA,NA,NA,NA,NA,NA,NA,NA,NA,NA,NA,NA,NA,NA,NA,NA,NA,NA,NA,NA,NA,NA,NA,NA,NA,NA
Bogotá,Usaquén,2010,1.1134,NA,1.0140,1.1436,1.2055,0.9263,NA,NA,NA,NA,NA,NA,77979,23,3004,103,3627,1818,NA,1944,10860,0.0280,NA,NA,NA,NA,NA,NA,NA,NA,NA,0.0222,NA,NA,NA,NA,NA,NA,NA,NA,NA,NA,NA,NA,NA,NA,30.86,NA,NA,NA,NA,NA,NA,NA,NA,NA,NA,NA,NA,NA,NA,NA,NA,0.35,NA,NA,NA,NA,NA,NA,NA,NA,NA,NA,NA,NA,NA,NA,NA,NA,NA,NA,NA,NA,NA,NA,NA,NA,NA,NA,NA,NA,NA,NA,NA,NA,NA,NA,NA,NA,NA,NA
Bogotá,Usaquén,2011,1.0971,NA,0.9830,1.1077,1.1603,1.0066,NA,NA,NA,NA,NA,NA,77073,NA,3009,101,3377,1732,NA,1833,10454,0.0390,NA,NA,NA,NA,NA,NA,NA,NA,NA,0.1014,NA,NA,NA,NA,NA,NA,NA,NA,NA,NA,NA,NA,NA,NA,29.27,NA,NA,NA,NA,NA,NA,NA,NA,NA,NA,NA,NA,NA,NA,NA,NA,0.50,NA,NA,NA,NA,NA,NA,NA,NA,NA,NA,NA,NA,NA,NA,NA,NA,NA,NA,NA,NA,NA,NA,NA,NA,NA,NA,NA,NA,NA,NA,NA,NA,NA,NA,NA,NA,NA,NA
Bogotá,Usaquén,2012,1.0870,NA,0.9550,1.0642,1.1856,1.0091,NA,NA,NA,NA,NA,NA,76222,NA,2549,52,3100,1861,NA,1913,9389,0.0300,0.0030,0.0240,NA,0.0210,NA,0.0400,NA,0.0310,NA,0.072,NA,NA,NA,NA,NA,NA,NA,NA,NA,NA,NA,NA,NA,NA,26.91,NA,NA,NA,NA,NA,NA,NA,NA,NA,NA,NA,NA,NA,NA,NA,NA,0.60,NA,NA,NA,NA,NA,NA,NA,NA,NA,NA,NA,NA,NA,NA,NA,NA,NA,NA,NA,NA,NA,NA,NA,NA,NA,NA,NA,NA,NA,NA,NA,NA,NA,NA,NA,NA,NA,NA
Bogotá,Usaquén,2013,1.0130,NA,0.9849,1.0101,1.0759,0.9140,NA,NA,NA,NA,NA,NA,75425,NA,2506,30,3036,1837,NA,1867,9458,0.0290,0.0050,0.0240,0.0070,0.0220,0.0050,0.0370,0.0040,0.0330,0.0020,0.067,NA,0.0060,NA,0.0450,NA,0.1100,NA,0.0580,NA,NA,NA,NA,NA,NA,24.87,NA,NA,NA,NA,NA,NA,NA,NA,NA,NA,NA,NA,NA,NA,NA,NA,0.60,NA,NA,NA,NA,NA,NA,NA,NA,NA,NA,NA,NA,NA,NA,NA,NA,NA,NA,NA,NA,NA,NA,NA,NA,NA,NA,NA,NA,NA,NA,NA,NA,NA,NA,NA,NA,NA,NA
Bogotá,Usaquén,2014,1.0010,NA,1.0010,0.9910,1.0694,0.9219,NA,NA,NA,NA,NA,NA,74526,444,2406,543,3023,1679,3866,2666,9295,0.0261,0.0060,0.0241,0.0090,NA,NA,NA,NA,NA,NA,0.072,0.0200,0.0070,0.0050,0.0470,0.0140,0.1120,0.0350,0.0690,0.0190,NA,NA,26.90,27.40,24.20,25.70,NA,0.0909,0.7270,0.1818,0.9365,0.0635,0.0000,0.0000,1.0000,0.0000,0.0000,0.0000,0.0000,1.0000,0.0000,0.0000,NA,NA,NA,NA,NA,NA,NA,NA,NA,NA,NA,NA,NA,NA,NA,NA,NA,NA,NA,NA,NA,NA,NA,NA,NA,NA,NA,NA,NA,NA,NA,NA,NA,NA,NA,NA,NA,NA,NA
Bogotá,Usaquén,2015,1.1330,NA,0.9440,1.0940,1.2640,1.0610,NA,NA,NA,NA,NA,NA,73556,464,2569,570,3053,1651,3862,2685,9484,NA,NA,NA,NA,NA,NA,NA,NA,NA,NA,0.0813,0.0185,0.0059,0.0067,0.0421,0.0085,0.1470,0.0363,0.0656,0.0108,NA,NA,27.60,27.00,22.80,24.80,NA,0.1000,0.8000,0.1000,0.9310,0.0560,0.0140,0.0000,1.0000,0.0000,1.0000,0.0000,0.0000,1.0000,0.0000,0.0000,NA,NA,NA,NA,NA,NA,NA,NA,NA,NA,NA,NA,NA,NA,NA,NA,NA,NA,NA,NA,NA,NA,NA,NA,NA,NA,NA,NA,NA,NA,NA,NA,NA,NA,NA,NA,NA,NA,NA
Bogotá,Chapinero,2005,NA,NA,NA,NA,NA,NA,NA,NA,NA,NA,NA,NA,NA,NA,NA,NA,31,NA,NA,NA,2386,0.0430,NA,NA,NA,NA,NA,NA,NA,NA,NA,0.044,NA,NA,NA,NA,NA,NA,NA,NA,NA,NA,NA,NA,NA,NA,27.63,NA,NA,NA,NA,NA,NA,NA,NA,NA,NA,NA,NA,NA,NA,NA,NA,NA,NA,NA,NA,NA,NA,NA,NA,NA,NA,NA,NA,NA,NA,NA,NA,NA,NA,NA,NA,NA,NA,NA,NA,NA,NA,NA,NA,NA,NA,NA,NA,NA,NA,NA,NA,NA,NA,NA
Bogotá,Chapinero,2006,NA,NA,NA,NA,NA,NA,NA,NA,NA,NA,NA,NA,NA,NA,NA,NA,24,NA,NA,NA,2233,0.0590,NA,NA,NA,NA,NA,NA,NA,NA,NA,0.021,NA,NA,NA,NA,NA,NA,NA,NA,NA,NA,NA,NA,NA,NA,27.79,NA,NA,NA,NA,NA,NA,NA,NA,NA,NA,NA,NA,NA,NA,NA,NA,NA,NA,NA,NA,NA,NA,NA,NA,NA,NA,NA,NA,NA,NA,NA,NA,NA,NA,NA,NA,NA,NA,NA,NA,NA,NA,NA,NA,NA,NA,NA,NA,NA,NA,NA,NA,NA,NA,NA
Bogotá,Chapinero,2007,NA,NA,NA,NA,NA,NA,NA,NA,NA,NA,NA,NA,NA,NA,NA,NA,25,NA,NA,NA,2024,0.0660,NA,NA,NA,NA,NA,NA,NA,NA,NA,0.016,NA,NA,NA,NA,NA,NA,NA,NA,NA,NA,NA,NA,NA,NA,26.13,NA,NA,NA,NA,NA,NA,NA,NA,NA,NA,NA,NA,NA,NA,NA,NA,NA,NA,NA,NA,NA,NA,NA,NA,NA,NA,NA,NA,NA,NA,NA,NA,NA,NA,NA,NA,NA,NA,NA,NA,NA,NA,NA,NA,NA,NA,NA,NA,NA,NA,NA,NA,NA,NA,NA
Bogotá,Chapinero,2008,1.3075,NA,NA,1.3092,1.2857,1.4405,NA,NA,NA,NA,NA,NA,NA,NA,NA,NA,40,NA,NA,NA,1878,0.0280,NA,NA,NA,NA,NA,NA,NA,NA,NA,0.0233,NA,NA,NA,NA,NA,NA,NA,NA,NA,NA,NA,NA,NA,NA,26.23,NA,NA,NA,NA,NA,NA,NA,NA,NA,NA,NA,NA,NA,NA,NA,NA,NA,NA,NA,NA,NA,NA,NA,NA,NA,NA,NA,NA,NA,NA,NA,NA,NA,NA,NA,NA,NA,NA,NA,NA,NA,NA,NA,NA,NA,NA,NA,NA,NA,NA,NA,NA,NA,NA,NA
Bogotá,Chapinero,2009,1.2741,NA,0.8743,1.3043,1.2524,1.3901,NA,NA,NA,NA,NA,NA,16197,NA,NA,NA,156,NA,NA,NA,1834,0.0330,NA,NA,NA,NA,NA,NA,NA,NA,NA,0.016,NA,NA,NA,NA,NA,NA,NA,NA,NA,NA,NA,NA,NA,NA,26.98,NA,NA,NA,NA,NA,NA,NA,NA,NA,NA,NA,NA,NA,NA,NA,NA,0.00,NA,NA,NA,NA,NA,NA,NA,NA,NA,NA,NA,NA,NA,NA,NA,NA,NA,NA,NA,NA,NA,NA,NA,NA,NA,NA,NA,NA,NA,NA,NA,NA,NA,NA,NA,NA,NA,NA
Bogotá,Chapinero,2010,1.2130,NA,0.9555,1.2362,1.2520,1.2029,NA,NA,NA,NA,NA,NA,15707,NA,836,31,688,254,NA,285,2386,0.0610,NA,NA,NA,NA,NA,NA,NA,NA,NA,0.0,NA,NA,NA,NA,NA,NA,NA,NA,NA,NA,NA,NA,NA,NA,26.15,NA,NA,NA,NA,NA,NA,NA,NA,NA,NA,NA,NA,NA,NA,NA,NA,0.17,NA,NA,NA,NA,NA,NA,NA,NA,NA,NA,NA,NA,NA,NA,NA,NA,NA,NA,NA,NA,NA,NA,NA,NA,NA,NA,NA,NA,NA,NA,NA,NA,NA,NA,NA,NA,NA,NA
Bogotá,Chapinero,2011,1.1358,NA,0.9307,1.1384,1.1521,1.1750,NA,NA,NA,NA,NA,NA,15621,NA,656,24,803,301,NA,325,2233,0.0490,NA,NA,NA,NA,NA,NA,NA,NA,NA,0.0343,NA,NA,NA,NA,NA,NA,NA,NA,NA,NA,NA,NA,NA,NA,25.94,NA,NA,NA,NA,NA,NA,NA,NA,NA,NA,NA,NA,NA,NA,NA,NA,0.33,NA,NA,NA,NA,NA,NA,NA,NA,NA,NA,NA,NA,NA,NA,NA,NA,NA,NA,NA,NA,NA,NA,NA,NA,NA,NA,NA,NA,NA,NA,NA,NA,NA,NA,NA,NA,NA,NA
Bogotá,Chapinero,2012,1.0680,NA,0.7860,1.0853,1.1425,1.0185,NA,NA,NA,NA,NA,NA,15477,NA,594,25,766,236,NA,261,2024,0.0400,0.0050,0.0430,NA,0.0280,NA,0.0620,NA,0.0190,NA,0.126,NA,NA,NA,NA,NA,NA,NA,NA,NA,NA,NA,NA,NA,NA,23.40,NA,NA,NA,NA,NA,NA,NA,NA,NA,NA,NA,NA,NA,NA,NA,NA,0.50,NA,NA,NA,NA,NA,NA,NA,NA,NA,NA,NA,NA,NA,NA,NA,NA,NA,NA,NA,NA,NA,NA,NA,NA,NA,NA,NA,NA,NA,NA,NA,NA,NA,NA,NA,NA,NA,NA
Bogotá,Chapinero,2013,0.9860,NA,0.7469,0.9863,1.0375,0.9834,NA,NA,NA,NA,NA,NA,15297,21,650,40,593,215,NA,276,1878,0.0620,0.0030,0.1120,0.0010,0.0420,0.0020,0.0760,0.0060,0.0670,0.0020,0.072,NA,0.0000,NA,0.0530,NA,0.1120,NA,0.0800,NA,NA,NA,NA,NA,NA,20.24,NA,NA,NA,NA,NA,NA,NA,NA,NA,NA,NA,NA,NA,NA,NA,NA,0.50,NA,NA,NA,NA,NA,NA,NA,NA,NA,NA,NA,NA,NA,NA,NA,NA,NA,NA,NA,NA,NA,NA,NA,NA,NA,NA,NA,NA,NA,NA,NA,NA,NA,NA,NA,NA,NA,NA
Bogotá,Chapinero,2014,0.9740,NA,0.9740,0.9709,1.0201,0.9822,NA,NA,NA,NA,NA,NA,14982,160,473,156,704,201,657,517,1834,0.0563,0.0030,0.0338,0.0000,NA,NA,NA,NA,NA,NA,0.022,0.0090,0.0000,0.0030,0.0130,0.0040,0.0380,0.0200,0.0170,0.0030,NA,NA,34.50,20.90,18.50,20.70,NA,0.0000,0.3330,0.6667,0.7778,0.1111,0.1111,0.0000,0.0000,0.0000,0.0000,0.0000,0.0000,0.0000,0.0000,0.0000,NA,NA,NA,NA,NA,NA,NA,NA,NA,NA,NA,NA,NA,NA,NA,NA,NA,NA,NA,NA,NA,NA,NA,NA,NA,NA,NA,NA,NA,NA,NA,NA,NA,NA,NA,NA,NA,NA,NA
Bogotá,Chapinero,2015,1.0290,NA,0.8320,1.0820,1.0650,0.9560,NA,NA,NA,NA,NA,NA,14525,131,533,206,816,197,738,534,2087,NA,NA,NA,NA,NA,NA,NA,NA,NA,NA,0.0256,0.0105,0.0000,0.0015,0.0025,0.0026,0.0620,0.0222,0.0308,0.0100,NA,NA,35.60,22.20,17.50,20.80,NA,0.0000,0.5000,0.5000,0.8670,0.1330,0.0000,NA,NA,NA,NA,NA,NA,NA,0.0000,0.0000,NA,NA,NA,NA,NA,NA,NA,NA,NA,NA,NA,NA,NA,NA,NA,NA,NA,NA,NA,NA,NA,NA,NA,NA,NA,NA,NA,NA,NA,NA,NA,NA,NA,NA,NA,NA,NA,NA,NA
Bogotá,Santa Fe,2005,NA,NA,NA,NA,NA,NA,NA,NA,NA,NA,NA,NA,NA,NA,NA,NA,56,NA,NA,NA,1143,0.0620,NA,NA,NA,NA,NA,NA,NA,NA,NA,0.021,NA,NA,NA,NA,NA,NA,NA,NA,NA,NA,NA,NA,NA,NA,27.02,NA,NA,NA,NA,NA,NA,NA,NA,NA,NA,NA,NA,NA,NA,NA,NA,NA,NA,NA,NA,NA,NA,NA,NA,NA,NA,NA,NA,NA,NA,NA,NA,NA,NA,NA,NA,NA,NA,NA,NA,NA,NA,NA,NA,NA,NA,NA,NA,NA,NA,NA,NA,NA,NA,NA
Bogotá,Santa Fe,2006,NA,NA,NA,NA,NA,NA,NA,NA,NA,NA,NA,NA,NA,NA,NA,NA,49,NA,NA,NA,1118,0.0620,NA,NA,NA,NA,NA,NA,NA,NA,NA,0.033,NA,NA,NA,NA,NA,NA,NA,NA,NA,NA,NA,NA,NA,NA,26.97,NA,NA,NA,NA,NA,NA,NA,NA,NA,NA,NA,NA,NA,NA,NA,NA,NA,NA,NA,NA,NA,NA,NA,NA,NA,NA,NA,NA,NA,NA,NA,NA,NA,NA,NA,NA,NA,NA,NA,NA,NA,NA,NA,NA,NA,NA,NA,NA,NA,NA,NA,NA,NA,NA,NA
Bogotá,Santa Fe,2007,NA,NA,NA,NA,NA,NA,NA,NA,NA,NA,NA,NA,NA,NA,NA,NA,64,NA,NA,NA,1015,0.0580,NA,NA,NA,NA,NA,NA,NA,NA,NA,0.034,NA,NA,NA,NA,NA,NA,NA,NA,NA,NA,NA,NA,NA,NA,25.92,NA,NA,NA,NA,NA,NA,NA,NA,NA,NA,NA,NA,NA,NA,NA,NA,NA,NA,NA,NA,NA,NA,NA,NA,NA,NA,NA,NA,NA,NA,NA,NA,NA,NA,NA,NA,NA,NA,NA,NA,NA,NA,NA,NA,NA,NA,NA,NA,NA,NA,NA,NA,NA,NA,NA
Bogotá,Santa Fe,2008,1.0205,NA,NA,1.0056,1.1210,0.9906,NA,NA,NA,NA,NA,NA,NA,NA,NA,NA,83,NA,NA,NA,1105,0.0680,NA,NA,NA,NA,NA,NA,NA,NA,NA,0.0343,NA,NA,NA,NA,NA,NA,NA,NA,NA,NA,NA,NA,NA,NA,26.27,NA,NA,NA,NA,NA,NA,NA,NA,NA,NA,NA,NA,NA,NA,NA,NA,NA,NA,NA,NA,NA,NA,NA,NA,NA,NA,NA,NA,NA,NA,NA,NA,NA,NA,NA,NA,NA,NA,NA,NA,NA,NA,NA,NA,NA,NA,NA,NA,NA,NA,NA,NA,NA,NA,NA
Bogotá,Santa Fe,2009,1.0036,NA,0.7634,0.9949,1.0866,0.9711,NA,NA,NA,NA,NA,NA,22549,NA,NA,NA,328,NA,NA,NA,987,0.0650,NA,NA,NA,NA,NA,NA,NA,NA,NA,0.043,NA,NA,NA,NA,NA,NA,NA,NA,NA,NA,NA,NA,NA,NA,27.66,NA,NA,NA,NA,NA,NA,NA,NA,NA,NA,NA,NA,NA,NA,NA,NA,0.15,NA,NA,NA,NA,NA,NA,NA,NA,NA,NA,NA,NA,NA,NA,NA,NA,NA,NA,NA,NA,NA,NA,NA,NA,NA,NA,NA,NA,NA,NA,NA,NA,NA,NA,NA,NA,NA,NA
Bogotá,Santa Fe,2010,0.9490,NA,0.7018,0.9440,1.0151,0.9433,NA,NA,NA,NA,NA,NA,22008,NA,298,56,375,747,NA,803,1143,0.0830,NA,NA,NA,NA,NA,NA,NA,NA,NA,0.0436,NA,NA,NA,NA,NA,NA,NA,NA,NA,NA,NA,NA,NA,NA,28.81,NA,NA,NA,NA,NA,NA,NA,NA,NA,NA,NA,NA,NA,NA,NA,NA,0.23,NA,NA,NA,NA,NA,NA,NA,NA,NA,NA,NA,NA,NA,NA,NA,NA,NA,NA,NA,NA,NA,NA,NA,NA,NA,NA,NA,NA,NA,NA,NA,NA,NA,NA,NA,NA,NA,NA
Bogotá,Santa Fe,2011,0.8874,NA,0.6210,0.8909,0.9391,0.8999,NA,NA,NA,NA,NA,NA,21521,NA,357,49,354,658,NA,707,1118,0.0900,NA,NA,NA,NA,NA,NA,NA,NA,NA,0.085,NA,NA,NA,NA,NA,NA,NA,NA,NA,NA,NA,NA,NA,NA,25.18,NA,NA,NA,NA,NA,NA,NA,NA,NA,NA,NA,NA,NA,NA,NA,NA,0.23,NA,NA,NA,NA,NA,NA,NA,NA,NA,NA,NA,NA,NA,NA,NA,NA,NA,NA,NA,NA,NA,NA,NA,NA,NA,NA,NA,NA,NA,NA,NA,NA,NA,NA,NA,NA,NA,NA
Bogotá,Santa Fe,2012,0.8560,NA,0.6370,0.8296,0.9636,0.8122,NA,NA,NA,NA,NA,NA,21068,NA,373,64,298,735,NA,799,1015,0.0870,0.0080,0.1030,NA,0.0730,NA,0.1090,NA,0.0630,NA,0.055,NA,NA,NA,NA,NA,NA,NA,NA,NA,NA,NA,NA,NA,NA,23.94,NA,NA,NA,NA,NA,NA,NA,NA,NA,NA,NA,NA,NA,NA,NA,NA,0.23,NA,NA,NA,NA,NA,NA,NA,NA,NA,NA,NA,NA,NA,NA,NA,NA,NA,NA,NA,NA,NA,NA,NA,NA,NA,NA,NA,NA,NA,NA,NA,NA,NA,NA,NA,NA,NA,NA
Bogotá,Santa Fe,2013,0.8290,NA,0.6264,0.8128,0.9041,0.8126,NA,NA,NA,NA,NA,NA,20650,40,389,83,391,723,NA,846,1105,0.0840,0.0070,0.1150,0.0020,0.0690,0.0090,0.1040,0.0050,0.0590,0.0090,0.046,NA,0.0040,NA,0.0290,NA,0.0820,NA,0.0320,NA,NA,NA,NA,NA,NA,21.31,NA,NA,NA,NA,NA,NA,NA,NA,NA,NA,NA,NA,NA,NA,NA,NA,0.23,NA,NA,NA,NA,NA,NA,NA,NA,NA,NA,NA,NA,NA,NA,NA,NA,NA,NA,NA,NA,NA,NA,NA,NA,NA,NA,NA,NA,NA,NA,NA,NA,NA,NA,NA,NA,NA,NA
Bogotá,Santa Fe,2014,0.7820,NA,0.7820,0.7635,0.8546,0.7803,NA,NA,NA,NA,NA,NA,20267,222,306,328,361,642,320,1192,987,0.0689,0.0060,0.0688,0.0000,NA,NA,NA,NA,NA,NA,0.064,0.0230,0.0060,0.0020,0.0410,0.0110,0.1050,0.0360,0.0610,0.0430,NA,NA,20.30,23.80,23.30,23.10,NA,0.0000,0.3750,0.6250,0.3000,0.1000,0.6000,0.0000,1.0000,0.0000,0.0000,0.0000,0.0000,1.0000,0.0000,0.0000,NA,NA,NA,NA,NA,NA,NA,NA,NA,NA,NA,NA,NA,NA,NA,NA,NA,NA,NA,NA,NA,NA,NA,NA,NA,NA,NA,NA,NA,NA,NA,NA,NA,NA,NA,NA,NA,NA,NA
Bogotá,Santa Fe,2015,0.7950,NA,0.5980,0.7800,0.8880,0.7470,NA,NA,NA,NA,NA,NA,19933,261,258,291,170,629,346,1181,774,NA,NA,NA,NA,NA,NA,NA,NA,NA,NA,0.036,0.0293,0.0000,0.0128,0.0215,0.0119,0.0646,0.0451,0.0304,0.0406,NA,NA,20.00,23.90,21.80,22.30,NA,0.0000,0.2860,0.7140,0.4440,0.2220,0.3330,0.0000,1.0000,0.0000,NA,NA,NA,1.0000,0.0000,0.0000,NA,NA,NA,NA,NA,NA,NA,NA,NA,NA,NA,NA,NA,NA,NA,NA,NA,NA,NA,NA,NA,NA,NA,NA,NA,NA,NA,NA,NA,NA,NA,NA,NA,NA,NA,NA,NA,NA,NA
Bogotá,San Cristóbal,2005,NA,NA,NA,NA,NA,NA,NA,NA,NA,NA,NA,NA,NA,NA,NA,NA,577,NA,NA,NA,4625,0.0340,NA,NA,NA,NA,NA,NA,NA,NA,NA,0.034,NA,NA,NA,NA,NA,NA,NA,NA,NA,NA,NA,NA,NA,NA,29.87,NA,NA,NA,NA,NA,NA,NA,NA,NA,NA,NA,NA,NA,NA,NA,NA,NA,NA,NA,NA,NA,NA,NA,NA,NA,NA,NA,NA,NA,NA,NA,NA,NA,NA,NA,NA,NA,NA,NA,NA,NA,NA,NA,NA,NA,NA,NA,NA,NA,NA,NA,NA,NA,NA,NA
Bogotá,San Cristóbal,2006,NA,NA,NA,NA,NA,NA,NA,NA,NA,NA,NA,NA,NA,NA,NA,NA,475,NA,NA,NA,4530,0.0430,NA,NA,NA,NA,NA,NA,NA,NA,NA,0.032,NA,NA,NA,NA,NA,NA,NA,NA,NA,NA,NA,NA,NA,NA,31.87,NA,NA,NA,NA,NA,NA,NA,NA,NA,NA,NA,NA,NA,NA,NA,NA,NA,NA,NA,NA,NA,NA,NA,NA,NA,NA,NA,NA,NA,NA,NA,NA,NA,NA,NA,NA,NA,NA,NA,NA,NA,NA,NA,NA,NA,NA,NA,NA,NA,NA,NA,NA,NA,NA,NA
Bogotá,San Cristóbal,2007,NA,NA,NA,NA,NA,NA,NA,NA,NA,NA,NA,NA,NA,NA,NA,NA,244,NA,NA,NA,4061,0.0380,NA,NA,NA,NA,NA,NA,NA,NA,NA,0.046,NA,NA,NA,NA,NA,NA,NA,NA,NA,NA,NA,NA,NA,NA,30.18,NA,NA,NA,NA,NA,NA,NA,NA,NA,NA,NA,NA,NA,NA,NA,NA,NA,NA,NA,NA,NA,NA,NA,NA,NA,NA,NA,NA,NA,NA,NA,NA,NA,NA,NA,NA,NA,NA,NA,NA,NA,NA,NA,NA,NA,NA,NA,NA,NA,NA,NA,NA,NA,NA,NA
Bogotá,San Cristóbal,2008,0.9814,NA,NA,1.0537,1.0071,0.7862,NA,NA,NA,NA,NA,NA,NA,NA,NA,NA,383,NA,NA,NA,4378,0.0460,NA,NA,NA,NA,NA,NA,NA,NA,NA,0.0308,NA,NA,NA,NA,NA,NA,NA,NA,NA,NA,NA,NA,NA,NA,29.50,NA,NA,NA,NA,NA,NA,NA,NA,NA,NA,NA,NA,NA,NA,NA,NA,NA,NA,NA,NA,NA,NA,NA,NA,NA,NA,NA,NA,NA,NA,NA,NA,NA,NA,NA,NA,NA,NA,NA,NA,NA,NA,NA,NA,NA,NA,NA,NA,NA,NA,NA,NA,NA,NA,NA
Bogotá,San Cristóbal,2009,0.9777,NA,0.8790,1.0630,1.0080,0.7620,NA,NA,NA,NA,NA,NA,96069,NA,NA,NA,1142,NA,NA,NA,4078,0.0500,NA,NA,NA,NA,NA,NA,NA,NA,NA,0.029,NA,NA,NA,NA,NA,NA,NA,NA,NA,NA,NA,NA,NA,NA,29.46,NA,NA,NA,NA,NA,NA,NA,NA,NA,NA,NA,NA,NA,NA,NA,NA,0.09,NA,NA,NA,NA,NA,NA,NA,NA,NA,NA,NA,NA,NA,NA,NA,NA,NA,NA,NA,NA,NA,NA,NA,NA,NA,NA,NA,NA,NA,NA,NA,NA,NA,NA,NA,NA,NA,NA
Bogotá,San Cristóbal,2010,0.9994,NA,0.8621,1.0617,1.0415,0.8324,NA,NA,NA,NA,NA,NA,94043,157,1039,577,1440,4143,NA,4877,4625,0.0580,NA,NA,NA,NA,NA,NA,NA,NA,NA,0.0343,NA,NA,NA,NA,NA,NA,NA,NA,NA,NA,NA,NA,NA,NA,30.06,NA,NA,NA,NA,NA,NA,NA,NA,NA,NA,NA,NA,NA,NA,NA,NA,0.17,NA,NA,NA,NA,NA,NA,NA,NA,NA,NA,NA,NA,NA,NA,NA,NA,NA,NA,NA,NA,NA,NA,NA,NA,NA,NA,NA,NA,NA,NA,NA,NA,NA,NA,NA,NA,NA,NA
Bogotá,San Cristóbal,2011,0.9885,NA,0.9034,1.0193,1.0369,0.8607,NA,NA,NA,NA,NA,NA,91938,NA,802,475,1348,4173,NA,4648,4530,0.0530,NA,NA,NA,NA,NA,NA,NA,NA,NA,0.0867,NA,NA,NA,NA,NA,NA,NA,NA,NA,NA,NA,NA,NA,NA,28.38,NA,NA,NA,NA,NA,NA,NA,NA,NA,NA,NA,NA,NA,NA,NA,NA,0.27,NA,NA,NA,NA,NA,NA,NA,NA,NA,NA,NA,NA,NA,NA,NA,NA,NA,NA,NA,NA,NA,NA,NA,NA,NA,NA,NA,NA,NA,NA,NA,NA,NA,NA,NA,NA,NA,NA
Bogotá,San Cristóbal,2012,0.9510,NA,0.8740,0.9571,1.0189,0.8371,NA,NA,NA,NA,NA,NA,90009,NA,739,244,1191,4148,NA,4392,4061,0.0440,0.0160,0.0310,NA,0.0260,NA,0.0650,NA,0.0520,NA,0.094,NA,NA,NA,NA,NA,NA,NA,NA,NA,NA,NA,NA,NA,NA,25.82,NA,NA,NA,NA,NA,NA,NA,NA,NA,NA,NA,NA,NA,NA,NA,NA,0.33,NA,NA,NA,NA,NA,NA,NA,NA,NA,NA,NA,NA,NA,NA,NA,NA,NA,NA,NA,NA,NA,NA,NA,NA,NA,NA,NA,NA,NA,NA,NA,NA,NA,NA,NA,NA,NA,NA
Bogotá,San Cristóbal,2013,0.9360,NA,0.9376,0.9566,0.9842,0.7945,NA,NA,NA,NA,NA,NA,88212,NA,715,383,1307,4296,NA,4679,4378,0.0340,0.0260,0.0310,0.0250,0.0230,0.0160,0.0460,0.0430,0.0360,0.0220,0.08,NA,0.0040,NA,0.0520,NA,0.1280,NA,0.0810,NA,NA,NA,NA,NA,NA,24.33,NA,NA,NA,NA,NA,NA,NA,NA,NA,NA,NA,NA,NA,NA,NA,NA,0.41,NA,NA,NA,NA,NA,NA,NA,NA,NA,NA,NA,NA,NA,NA,NA,NA,NA,NA,NA,NA,NA,NA,NA,NA,NA,NA,NA,NA,NA,NA,NA,NA,NA,NA,NA,NA,NA,NA
Bogotá,San Cristóbal,2014,0.9550,NA,0.9550,0.9515,1.0319,0.8655,NA,NA,NA,NA,NA,NA,86662,611,611,1142,1240,3667,2227,5420,4078,0.0365,0.0090,0.0354,0.0100,NA,NA,NA,NA,NA,NA,0.067,0.0150,0.0050,0.0050,0.0460,0.0090,0.1030,0.0280,0.0570,0.0160,NA,NA,22.30,26.80,24.40,25.10,NA,0.0000,0.5380,0.4643,0.3333,0.4000,0.2667,0.0000,1.0000,0.0000,0.5000,0.5000,0.0000,0.0000,0.0000,0.0000,NA,NA,NA,NA,NA,NA,NA,NA,NA,NA,NA,NA,NA,NA,NA,NA,NA,NA,NA,NA,NA,NA,NA,NA,NA,NA,NA,NA,NA,NA,NA,NA,NA,NA,NA,NA,NA,NA,NA
Bogotá,San Cristóbal,2015,0.9340,NA,0.8610,0.9600,0.9640,0.8480,NA,NA,NA,NA,NA,NA,85160,918,680,1441,1114,3576,2330,5935,4124,NA,NA,NA,NA,NA,NA,NA,NA,NA,NA,0.0611,0.0182,0.0005,0.0062,0.0377,0.0080,0.1034,0.0383,0.0540,0.0183,NA,NA,21.70,25.80,23.00,23.90,NA,0.0000,0.5190,0.4810,0.4070,0.3700,0.2220,0.5000,0.5000,0.0000,0.0000,1.0000,0.0000,NA,0.0000,0.0000,NA,NA,NA,NA,NA,NA,NA,NA,NA,NA,NA,NA,NA,NA,NA,NA,NA,NA,NA,NA,NA,NA,NA,NA,NA,NA,NA,NA,NA,NA,NA,NA,NA,NA,NA,NA,NA,NA,NA
Bogotá,Usme,2005,NA,NA,NA,NA,NA,NA,NA,NA,NA,NA,NA,NA,NA,NA,NA,NA,869,NA,NA,NA,2285,0.0320,NA,NA,NA,NA,NA,NA,NA,NA,NA,0.028,NA,NA,NA,NA,NA,NA,NA,NA,NA,NA,NA,NA,NA,NA,31.39,NA,NA,NA,NA,NA,NA,NA,NA,NA,NA,NA,NA,NA,NA,NA,NA,NA,NA,NA,NA,NA,NA,NA,NA,NA,NA,NA,NA,NA,NA,NA,NA,NA,NA,NA,NA,NA,NA,NA,NA,NA,NA,NA,NA,NA,NA,NA,NA,NA,NA,NA,NA,NA,NA,NA
Bogotá,Usme,2006,NA,NA,NA,NA,NA,NA,NA,NA,NA,NA,NA,NA,NA,NA,NA,NA,850,NA,NA,NA,2287,0.0390,NA,NA,NA,NA,NA,NA,NA,NA,NA,0.027,NA,NA,NA,NA,NA,NA,NA,NA,NA,NA,NA,NA,NA,NA,32.41,NA,NA,NA,NA,NA,NA,NA,NA,NA,NA,NA,NA,NA,NA,NA,NA,NA,NA,NA,NA,NA,NA,NA,NA,NA,NA,NA,NA,NA,NA,NA,NA,NA,NA,NA,NA,NA,NA,NA,NA,NA,NA,NA,NA,NA,NA,NA,NA,NA,NA,NA,NA,NA,NA,NA
Bogotá,Usme,2007,NA,NA,NA,NA,NA,NA,NA,NA,NA,NA,NA,NA,NA,NA,NA,NA,582,NA,NA,NA,2061,0.0400,NA,NA,NA,NA,NA,NA,NA,NA,NA,0.027,NA,NA,NA,NA,NA,NA,NA,NA,NA,NA,NA,NA,NA,NA,30.62,NA,NA,NA,NA,NA,NA,NA,NA,NA,NA,NA,NA,NA,NA,NA,NA,NA,NA,NA,NA,NA,NA,NA,NA,NA,NA,NA,NA,NA,NA,NA,NA,NA,NA,NA,NA,NA,NA,NA,NA,NA,NA,NA,NA,NA,NA,NA,NA,NA,NA,NA,NA,NA,NA,NA
Bogotá,Usme,2008,1.0075,NA,NA,1.0871,1.0230,0.8089,NA,NA,NA,NA,NA,NA,NA,NA,NA,NA,686,NA,NA,NA,3154,0.0370,NA,NA,NA,NA,NA,NA,NA,NA,NA,0.0293,NA,NA,NA,NA,NA,NA,NA,NA,NA,NA,NA,NA,NA,NA,29.96,NA,NA,NA,NA,NA,NA,NA,NA,NA,NA,NA,NA,NA,NA,NA,NA,NA,NA,NA,NA,NA,NA,NA,NA,NA,NA,NA,NA,NA,NA,NA,NA,NA,NA,NA,NA,NA,NA,NA,NA,NA,NA,NA,NA,NA,NA,NA,NA,NA,NA,NA,NA,NA,NA,NA
Bogotá,Usme,2009,0.9808,NA,0.8830,1.0750,1.0025,0.7530,NA,NA,NA,NA,NA,NA,90705,NA,NA,NA,1905,NA,NA,NA,2073,0.0430,NA,NA,NA,NA,NA,NA,NA,NA,NA,0.031,NA,NA,NA,NA,NA,NA,NA,NA,NA,NA,NA,NA,NA,NA,29.99,NA,NA,NA,NA,NA,NA,NA,NA,NA,NA,NA,NA,NA,NA,NA,NA,0.10,NA,NA,NA,NA,NA,NA,NA,NA,NA,NA,NA,NA,NA,NA,NA,NA,NA,NA,NA,NA,NA,NA,NA,NA,NA,NA,NA,NA,NA,NA,NA,NA,NA,NA,NA,NA,NA,NA
Bogotá,Usme,2010,0.9679,NA,0.8523,1.0399,1.0058,0.7700,NA,NA,NA,NA,NA,NA,92612,181,273,869,660,4882,NA,5932,2285,0.0430,NA,NA,NA,NA,NA,NA,NA,NA,NA,0.0344,NA,NA,NA,NA,NA,NA,NA,NA,NA,NA,NA,NA,NA,NA,30.51,NA,NA,NA,NA,NA,NA,NA,NA,NA,NA,NA,NA,NA,NA,NA,NA,0.08,NA,NA,NA,NA,NA,NA,NA,NA,NA,NA,NA,NA,NA,NA,NA,NA,NA,NA,NA,NA,NA,NA,NA,NA,NA,NA,NA,NA,NA,NA,NA,NA,NA,NA,NA,NA,NA,NA
Bogotá,Usme,2011,0.9124,NA,0.8216,0.9548,0.9712,0.7362,NA,NA,NA,NA,NA,NA,95305,NA,259,850,665,4909,NA,5759,2287,0.0360,NA,NA,NA,NA,NA,NA,NA,NA,NA,0.0817,NA,NA,NA,NA,NA,NA,NA,NA,NA,NA,NA,NA,NA,NA,29.42,NA,NA,NA,NA,NA,NA,NA,NA,NA,NA,NA,NA,NA,NA,NA,NA,0.27,NA,NA,NA,NA,NA,NA,NA,NA,NA,NA,NA,NA,NA,NA,NA,NA,NA,NA,NA,NA,NA,NA,NA,NA,NA,NA,NA,NA,NA,NA,NA,NA,NA,NA,NA,NA,NA,NA
Bogotá,Usme,2012,0.8520,NA,0.7894,0.8846,0.9137,0.6820,NA,NA,NA,NA,NA,NA,97700,NA,155,582,652,4992,NA,5574,2061,0.0380,0.0140,0.0300,NA,0.0290,NA,0.0510,NA,0.0400,NA,0.077,NA,NA,NA,NA,NA,NA,NA,NA,NA,NA,NA,NA,NA,NA,27.33,NA,NA,NA,NA,NA,NA,NA,NA,NA,NA,NA,NA,NA,NA,NA,NA,0.36,NA,NA,NA,NA,NA,NA,NA,NA,NA,NA,NA,NA,NA,NA,NA,NA,NA,NA,NA,NA,NA,NA,NA,NA,NA,NA,NA,NA,NA,NA,NA,NA,NA,NA,NA,NA,NA,NA
Bogotá,Usme,2013,0.8450,NA,0.8384,0.8977,0.8911,0.6256,NA,NA,NA,NA,NA,NA,99646,78,433,686,909,5011,NA,5775,3154,0.0350,0.0180,0.0260,0.0290,0.0260,0.0150,0.0470,0.0180,0.0370,0.0080,0.068,NA,0.0040,NA,0.0500,NA,0.1070,NA,0.0620,NA,NA,NA,NA,NA,NA,26.06,NA,NA,NA,NA,NA,NA,NA,NA,NA,NA,NA,NA,NA,NA,NA,NA,0.33,NA,NA,NA,NA,NA,NA,NA,NA,NA,NA,NA,NA,NA,NA,NA,NA,NA,NA,NA,NA,NA,NA,NA,NA,NA,NA,NA,NA,NA,NA,NA,NA,NA,NA,NA,NA,NA,NA
Bogotá,Usme,2014,0.8320,NA,0.8320,0.8603,0.8944,0.6819,NA,NA,NA,NA,NA,NA,101152,1084,130,1905,583,4809,1360,7798,2073,0.0261,0.0180,0.0246,0.0200,NA,NA,NA,NA,NA,NA,0.062,0.0120,0.0030,0.0000,0.0450,0.0080,0.0980,0.0240,0.0470,0.0190,NA,NA,27.10,28.70,25.30,26.80,NA,0.0000,0.4690,0.5313,0.1923,0.5385,0.2692,0.2000,0.8000,0.0000,0.0000,0.0000,0.0000,0.0000,0.0000,0.0000,NA,NA,NA,NA,NA,NA,NA,NA,NA,NA,NA,NA,NA,NA,NA,NA,NA,NA,NA,NA,NA,NA,NA,NA,NA,NA,NA,NA,NA,NA,NA,NA,NA,NA,NA,NA,NA,NA,NA
Bogotá,Usme,2015,0.7870,NA,0.7250,0.8290,0.8300,0.6260,NA,NA,NA,NA,NA,NA,101784,1165,115,2178,557,4719,1328,8062,2000,NA,NA,NA,NA,NA,NA,NA,NA,NA,NA,0.0517,0.0117,0.0023,0.0017,0.0382,0.0081,0.0815,0.0241,0.0427,0.0056,NA,NA,25.20,28.20,24.10,25.80,NA,0.0000,0.5000,0.5000,0.3080,0.5000,0.1920,0.5000,0.5000,0.0000,NA,NA,NA,NA,0.0000,0.0000,NA,NA,NA,NA,NA,NA,NA,NA,NA,NA,NA,NA,NA,NA,NA,NA,NA,NA,NA,NA,NA,NA,NA,NA,NA,NA,NA,NA,NA,NA,NA,NA,NA,NA,NA,NA,NA,NA,NA
Bogotá,Tunjuelito,2005,NA,NA,NA,NA,NA,NA,NA,NA,NA,NA,NA,NA,NA,NA,NA,NA,168,NA,NA,NA,4046,0.0290,NA,NA,NA,NA,NA,NA,NA,NA,NA,0.03,NA,NA,NA,NA,NA,NA,NA,NA,NA,NA,NA,NA,NA,NA,29.62,NA,NA,NA,NA,NA,NA,NA,NA,NA,NA,NA,NA,NA,NA,NA,NA,NA,NA,NA,NA,NA,NA,NA,NA,NA,NA,NA,NA,NA,NA,NA,NA,NA,NA,NA,NA,NA,NA,NA,NA,NA,NA,NA,NA,NA,NA,NA,NA,NA,NA,NA,NA,NA,NA,NA
Bogotá,Tunjuelito,2006,NA,NA,NA,NA,NA,NA,NA,NA,NA,NA,NA,NA,NA,NA,NA,NA,166,NA,NA,NA,3995,0.0390,NA,NA,NA,NA,NA,NA,NA,NA,NA,0.033,NA,NA,NA,NA,NA,NA,NA,NA,NA,NA,NA,NA,NA,NA,29.94,NA,NA,NA,NA,NA,NA,NA,NA,NA,NA,NA,NA,NA,NA,NA,NA,NA,NA,NA,NA,NA,NA,NA,NA,NA,NA,NA,NA,NA,NA,NA,NA,NA,NA,NA,NA,NA,NA,NA,NA,NA,NA,NA,NA,NA,NA,NA,NA,NA,NA,NA,NA,NA,NA,NA
Bogotá,Tunjuelito,2007,NA,NA,NA,NA,NA,NA,NA,NA,NA,NA,NA,NA,NA,NA,NA,NA,185,NA,NA,NA,3647,0.0430,NA,NA,NA,NA,NA,NA,NA,NA,NA,0.031,NA,NA,NA,NA,NA,NA,NA,NA,NA,NA,NA,NA,NA,NA,28.99,NA,NA,NA,NA,NA,NA,NA,NA,NA,NA,NA,NA,NA,NA,NA,NA,NA,NA,NA,NA,NA,NA,NA,NA,NA,NA,NA,NA,NA,NA,NA,NA,NA,NA,NA,NA,NA,NA,NA,NA,NA,NA,NA,NA,NA,NA,NA,NA,NA,NA,NA,NA,NA,NA,NA
Bogotá,Tunjuelito,2008,1.4596,NA,NA,1.4193,1.6223,1.3669,NA,NA,NA,NA,NA,NA,NA,NA,NA,NA,253,NA,NA,NA,4174,0.0350,NA,NA,NA,NA,NA,NA,NA,NA,NA,0.0449,NA,NA,NA,NA,NA,NA,NA,NA,NA,NA,NA,NA,NA,NA,28.06,NA,NA,NA,NA,NA,NA,NA,NA,NA,NA,NA,NA,NA,NA,NA,NA,NA,NA,NA,NA,NA,NA,NA,NA,NA,NA,NA,NA,NA,NA,NA,NA,NA,NA,NA,NA,NA,NA,NA,NA,NA,NA,NA,NA,NA,NA,NA,NA,NA,NA,NA,NA,NA,NA,NA
Bogotá,Tunjuelito,2009,1.4687,NA,1.1668,1.4151,1.6377,1.3973,NA,NA,NA,NA,NA,NA,43061,NA,NA,NA,774,NA,NA,NA,3657,0.0420,NA,NA,NA,NA,NA,NA,NA,NA,NA,0.028,NA,NA,NA,NA,NA,NA,NA,NA,NA,NA,NA,NA,NA,NA,27.92,NA,NA,NA,NA,NA,NA,NA,NA,NA,NA,NA,NA,NA,NA,NA,NA,0.25,NA,NA,NA,NA,NA,NA,NA,NA,NA,NA,NA,NA,NA,NA,NA,NA,NA,NA,NA,NA,NA,NA,NA,NA,NA,NA,NA,NA,NA,NA,NA,NA,NA,NA,NA,NA,NA,NA
Bogotá,Tunjuelito,2010,1.4940,NA,1.2348,1.4231,1.6519,1.4656,NA,NA,NA,NA,NA,NA,41970,NA,941,168,1398,2326,NA,2494,4046,0.0540,NA,NA,NA,NA,NA,NA,NA,NA,NA,0.032,NA,NA,NA,NA,NA,NA,NA,NA,NA,NA,NA,NA,NA,NA,27.97,NA,NA,NA,NA,NA,NA,NA,NA,NA,NA,NA,NA,NA,NA,NA,NA,0.36,NA,NA,NA,NA,NA,NA,NA,NA,NA,NA,NA,NA,NA,NA,NA,NA,NA,NA,NA,NA,NA,NA,NA,NA,NA,NA,NA,NA,NA,NA,NA,NA,NA,NA,NA,NA,NA,NA
Bogotá,Tunjuelito,2011,1.4928,NA,1.2493,1.4141,1.6551,1.4666,NA,NA,NA,NA,NA,NA,41074,NA,886,166,1396,2311,NA,2477,3995,0.0630,NA,NA,NA,NA,NA,NA,NA,NA,NA,0.1012,NA,NA,NA,NA,NA,NA,NA,NA,NA,NA,NA,NA,NA,NA,27.62,NA,NA,NA,NA,NA,NA,NA,NA,NA,NA,NA,NA,NA,NA,NA,NA,0.58,NA,NA,NA,NA,NA,NA,NA,NA,NA,NA,NA,NA,NA,NA,NA,NA,NA,NA,NA,NA,NA,NA,NA,NA,NA,NA,NA,NA,NA,NA,NA,NA,NA,NA,NA,NA,NA,NA
Bogotá,Tunjuelito,2012,1.4520,NA,1.3201,1.3573,1.6211,1.4003,NA,NA,NA,NA,NA,NA,40207,NA,760,185,1258,2561,NA,2746,3647,0.0260,0.0030,0.0150,NA,0.0170,NA,0.0330,NA,0.0340,NA,0.089,NA,NA,NA,NA,NA,NA,NA,NA,NA,NA,NA,NA,NA,NA,26.43,NA,NA,NA,NA,NA,NA,NA,NA,NA,NA,NA,NA,NA,NA,NA,NA,0.58,NA,NA,NA,NA,NA,NA,NA,NA,NA,NA,NA,NA,NA,NA,NA,NA,NA,NA,NA,NA,NA,NA,NA,NA,NA,NA,NA,NA,NA,NA,NA,NA,NA,NA,NA,NA,NA,NA
Bogotá,Tunjuelito,2013,1.4750,NA,1.4303,1.4617,1.5926,1.3013,NA,NA,NA,NA,NA,NA,39422,NA,819,253,1489,2615,NA,2868,4174,0.0130,0.0090,0.0090,0.0110,0.0100,0.0060,0.0190,0.0130,0.0080,0.0110,0.071,NA,0.0050,NA,0.0460,NA,0.1140,NA,0.0660,NA,NA,NA,NA,NA,NA,25.37,NA,NA,NA,NA,NA,NA,NA,NA,NA,NA,NA,NA,NA,NA,NA,NA,0.64,NA,NA,NA,NA,NA,NA,NA,NA,NA,NA,NA,NA,NA,NA,NA,NA,NA,NA,NA,NA,NA,NA,NA,NA,NA,NA,NA,NA,NA,NA,NA,NA,NA,NA,NA,NA,NA,NA
Bogotá,Tunjuelito,2014,1.4730,NA,1.4730,1.4288,1.6537,1.2956,NA,NA,NA,NA,NA,NA,38637,495,649,774,1308,2438,1700,3707,3657,0.0250,0.0090,0.0258,0.0050,NA,NA,NA,NA,NA,NA,0.076,0.0240,0.0020,0.0060,0.0500,0.0150,0.1180,0.0470,0.0650,0.0210,NA,NA,23.30,28.90,24.90,26.10,NA,0.0000,0.7500,0.2500,0.5000,0.3000,0.2000,0.0000,0.0000,0.0000,0.0000,0.0000,0.0000,1.0000,0.0000,0.0000,NA,NA,NA,NA,NA,NA,NA,NA,NA,NA,NA,NA,NA,NA,NA,NA,NA,NA,NA,NA,NA,NA,NA,NA,NA,NA,NA,NA,NA,NA,NA,NA,NA,NA,NA,NA,NA,NA,NA
Bogotá,Tunjuelito,2015,1.4480,NA,1.2780,1.4750,1.5730,1.2330,NA,NA,NA,NA,NA,NA,37833,697,706,1250,1157,2243,1662,4190,3525,NA,NA,NA,NA,NA,NA,NA,NA,NA,NA,0.0554,0.0284,0.0009,0.0040,0.0377,0.0158,0.0832,0.0608,0.0552,0.0202,NA,NA,21.80,29.20,23.60,25.20,NA,0.0000,0.8000,0.2000,0.6470,0.2940,0.0590,NA,NA,NA,NA,NA,NA,1.0000,0.0000,0.0000,NA,NA,NA,NA,NA,NA,NA,NA,NA,NA,NA,NA,NA,NA,NA,NA,NA,NA,NA,NA,NA,NA,NA,NA,NA,NA,NA,NA,NA,NA,NA,NA,NA,NA,NA,NA,NA,NA,NA
Bogotá,Bosa,2005,NA,NA,NA,NA,NA,NA,NA,NA,NA,NA,NA,NA,NA,NA,NA,NA,655,NA,NA,NA,4765,0.0170,NA,NA,NA,NA,NA,NA,NA,NA,NA,0.028,NA,NA,NA,NA,NA,NA,NA,NA,NA,NA,NA,NA,NA,NA,33.10,NA,NA,NA,NA,NA,NA,NA,NA,NA,NA,NA,NA,NA,NA,NA,NA,NA,NA,NA,NA,NA,NA,NA,NA,NA,NA,NA,NA,NA,NA,NA,NA,NA,NA,NA,NA,NA,NA,NA,NA,NA,NA,NA,NA,NA,NA,NA,NA,NA,NA,NA,NA,NA,NA,NA
Bogotá,Bosa,2006,NA,NA,NA,NA,NA,NA,NA,NA,NA,NA,NA,NA,NA,NA,NA,NA,689,NA,NA,NA,4855,0.0270,NA,NA,NA,NA,NA,NA,NA,NA,NA,0.03,NA,NA,NA,NA,NA,NA,NA,NA,NA,NA,NA,NA,NA,NA,34.69,NA,NA,NA,NA,NA,NA,NA,NA,NA,NA,NA,NA,NA,NA,NA,NA,NA,NA,NA,NA,NA,NA,NA,NA,NA,NA,NA,NA,NA,NA,NA,NA,NA,NA,NA,NA,NA,NA,NA,NA,NA,NA,NA,NA,NA,NA,NA,NA,NA,NA,NA,NA,NA,NA,NA
Bogotá,Bosa,2007,NA,NA,NA,NA,NA,NA,NA,NA,NA,NA,NA,NA,NA,NA,NA,NA,272,NA,NA,NA,4764,0.0290,NA,NA,NA,NA,NA,NA,NA,NA,NA,0.036,NA,NA,NA,NA,NA,NA,NA,NA,NA,NA,NA,NA,NA,NA,33.13,NA,NA,NA,NA,NA,NA,NA,NA,NA,NA,NA,NA,NA,NA,NA,NA,NA,NA,NA,NA,NA,NA,NA,NA,NA,NA,NA,NA,NA,NA,NA,NA,NA,NA,NA,NA,NA,NA,NA,NA,NA,NA,NA,NA,NA,NA,NA,NA,NA,NA,NA,NA,NA,NA,NA
Bogotá,Bosa,2008,1.0438,NA,NA,1.1416,1.0849,0.7611,NA,NA,NA,NA,NA,NA,NA,NA,NA,NA,333,NA,NA,NA,6194,0.0320,NA,NA,NA,NA,NA,NA,NA,NA,NA,0.0246,NA,NA,NA,NA,NA,NA,NA,NA,NA,NA,NA,NA,NA,NA,33.23,NA,NA,NA,NA,NA,NA,NA,NA,NA,NA,NA,NA,NA,NA,NA,NA,NA,NA,NA,NA,NA,NA,NA,NA,NA,NA,NA,NA,NA,NA,NA,NA,NA,NA,NA,NA,NA,NA,NA,NA,NA,NA,NA,NA,NA,NA,NA,NA,NA,NA,NA,NA,NA,NA,NA
Bogotá,Bosa,2009,1.0662,NA,0.8482,1.1433,1.1375,0.8317,NA,NA,NA,NA,NA,NA,133872,NA,NA,NA,1975,NA,NA,NA,4912,0.0360,NA,NA,NA,NA,NA,NA,NA,NA,NA,0.036,NA,NA,NA,NA,NA,NA,NA,NA,NA,NA,NA,NA,NA,NA,32.44,NA,NA,NA,NA,NA,NA,NA,NA,NA,NA,NA,NA,NA,NA,NA,NA,0.13,NA,NA,NA,NA,NA,NA,NA,NA,NA,NA,NA,NA,NA,NA,NA,NA,NA,NA,NA,NA,NA,NA,NA,NA,NA,NA,NA,NA,NA,NA,NA,NA,NA,NA,NA,NA,NA,NA
Bogotá,Bosa,2010,1.0815,NA,0.9023,1.1271,1.1576,0.8997,NA,NA,NA,NA,NA,NA,135188,169,877,655,1481,7677,NA,8501,4765,0.0340,NA,NA,NA,NA,NA,NA,NA,NA,NA,0.0383,NA,NA,NA,NA,NA,NA,NA,NA,NA,NA,NA,NA,NA,NA,32.93,NA,NA,NA,NA,NA,NA,NA,NA,NA,NA,NA,NA,NA,NA,NA,NA,0.25,NA,NA,NA,NA,NA,NA,NA,NA,NA,NA,NA,NA,NA,NA,NA,NA,NA,NA,NA,NA,NA,NA,NA,NA,NA,NA,NA,NA,NA,NA,NA,NA,NA,NA,NA,NA,NA,NA
Bogotá,Bosa,2011,1.0705,NA,0.8253,1.0914,1.1671,0.9440,NA,NA,NA,NA,NA,NA,135780,NA,985,689,1550,6989,NA,7678,4855,0.0280,NA,NA,NA,NA,NA,NA,NA,NA,NA,0.0714,NA,NA,NA,NA,NA,NA,NA,NA,NA,NA,NA,NA,NA,NA,32.37,NA,NA,NA,NA,NA,NA,NA,NA,NA,NA,NA,NA,NA,NA,NA,NA,0.52,NA,NA,NA,NA,NA,NA,NA,NA,NA,NA,NA,NA,NA,NA,NA,NA,NA,NA,NA,NA,NA,NA,NA,NA,NA,NA,NA,NA,NA,NA,NA,NA,NA,NA,NA,NA,NA,NA
Bogotá,Bosa,2012,1.0410,NA,0.8051,1.0407,1.1505,0.9401,NA,NA,NA,NA,NA,NA,136572,NA,781,272,1463,6675,NA,6947,4764,0.0210,0.0110,0.0150,NA,0.0150,NA,0.0280,NA,0.0210,NA,0.076,NA,NA,NA,NA,NA,NA,NA,NA,NA,NA,NA,NA,NA,NA,30.52,NA,NA,NA,NA,NA,NA,NA,NA,NA,NA,NA,NA,NA,NA,NA,NA,0.50,NA,NA,NA,NA,NA,NA,NA,NA,NA,NA,NA,NA,NA,NA,NA,NA,NA,NA,NA,NA,NA,NA,NA,NA,NA,NA,NA,NA,NA,NA,NA,NA,NA,NA,NA,NA,NA,NA
Bogotá,Bosa,2013,1.0820,NA,0.9087,1.0806,1.1898,0.9576,NA,NA,NA,NA,NA,NA,137696,62,1047,333,1844,7243,NA,7638,6194,0.0140,0.0080,0.0070,0.0120,0.0090,0.0070,0.0210,0.0090,0.0150,0.0050,0.069,NA,0.0020,NA,0.0490,NA,0.1110,NA,0.0620,NA,NA,NA,NA,NA,NA,28.27,NA,NA,NA,NA,NA,NA,NA,NA,NA,NA,NA,NA,NA,NA,NA,NA,0.45,NA,NA,NA,NA,NA,NA,NA,NA,NA,NA,NA,NA,NA,NA,NA,NA,NA,NA,NA,NA,NA,NA,NA,NA,NA,NA,NA,NA,NA,NA,NA,NA,NA,NA,NA,NA,NA,NA
Bogotá,Bosa,2014,1.0770,NA,1.0770,1.0649,1.2018,0.9933,NA,NA,NA,NA,NA,NA,139262,1317,711,1975,1381,6821,2820,10113,4912,0.0152,0.0040,0.0097,0.0060,NA,NA,NA,NA,NA,NA,0.06,0.0170,0.0020,0.0020,0.0370,0.0100,0.0910,0.0340,0.0700,0.0230,NA,NA,22.70,32.20,27.00,28.40,NA,0.0000,0.7200,0.2800,0.4000,0.3000,0.3000,0.4000,0.6000,0.0000,0.2500,0.5000,0.2500,0.0000,0.0000,0.0000,NA,NA,NA,NA,NA,NA,NA,NA,NA,NA,NA,NA,NA,NA,NA,NA,NA,NA,NA,NA,NA,NA,NA,NA,NA,NA,NA,NA,NA,NA,NA,NA,NA,NA,NA,NA,NA,NA,NA
Bogotá,Bosa,2015,1.0400,NA,0.8220,1.0460,1.1350,0.9860,NA,NA,NA,NA,NA,NA,141463,1735,807,2684,1558,6979,2990,11398,5355,NA,NA,NA,NA,NA,NA,NA,NA,NA,NA,0.0648,0.0173,0.0017,0.0037,0.0458,0.0095,0.1031,0.0343,0.0522,0.0179,NA,NA,22.40,32.00,25.60,27.40,NA,0.0000,0.6820,0.3180,0.4780,0.2610,0.2610,0.7500,0.2500,0.0000,0.2380,0.5240,0.2380,NA,0.0000,0.0000,NA,NA,NA,NA,NA,NA,NA,NA,NA,NA,NA,NA,NA,NA,NA,NA,NA,NA,NA,NA,NA,NA,NA,NA,NA,NA,NA,NA,NA,NA,NA,NA,NA,NA,NA,NA,NA,NA,NA
Bogotá,Kennedy,2005,NA,NA,NA,NA,NA,NA,NA,NA,NA,NA,NA,NA,NA,NA,NA,NA,1215,NA,NA,NA,12544,0.0310,NA,NA,NA,NA,NA,NA,NA,NA,NA,0.028,NA,NA,NA,NA,NA,NA,NA,NA,NA,NA,NA,NA,NA,NA,30.79,NA,NA,NA,NA,NA,NA,NA,NA,NA,NA,NA,NA,NA,NA,NA,NA,NA,NA,NA,NA,NA,NA,NA,NA,NA,NA,NA,NA,NA,NA,NA,NA,NA,NA,NA,NA,NA,NA,NA,NA,NA,NA,NA,NA,NA,NA,NA,NA,NA,NA,NA,NA,NA,NA,NA
Bogotá,Kennedy,2006,NA,NA,NA,NA,NA,NA,NA,NA,NA,NA,NA,NA,NA,NA,NA,NA,1078,NA,NA,NA,12689,0.0350,NA,NA,NA,NA,NA,NA,NA,NA,NA,0.03,NA,NA,NA,NA,NA,NA,NA,NA,NA,NA,NA,NA,NA,NA,30.84,NA,NA,NA,NA,NA,NA,NA,NA,NA,NA,NA,NA,NA,NA,NA,NA,NA,NA,NA,NA,NA,NA,NA,NA,NA,NA,NA,NA,NA,NA,NA,NA,NA,NA,NA,NA,NA,NA,NA,NA,NA,NA,NA,NA,NA,NA,NA,NA,NA,NA,NA,NA,NA,NA,NA
Bogotá,Kennedy,2007,NA,NA,NA,NA,NA,NA,NA,NA,NA,NA,NA,NA,NA,NA,NA,NA,769,NA,NA,NA,12019,0.0290,NA,NA,NA,NA,NA,NA,NA,NA,NA,0.035,NA,NA,NA,NA,NA,NA,NA,NA,NA,NA,NA,NA,NA,NA,30.78,NA,NA,NA,NA,NA,NA,NA,NA,NA,NA,NA,NA,NA,NA,NA,NA,NA,NA,NA,NA,NA,NA,NA,NA,NA,NA,NA,NA,NA,NA,NA,NA,NA,NA,NA,NA,NA,NA,NA,NA,NA,NA,NA,NA,NA,NA,NA,NA,NA,NA,NA,NA,NA,NA,NA
Bogotá,Kennedy,2008,0.8515,NA,NA,0.9067,0.8703,0.7171,NA,NA,NA,NA,NA,NA,NA,NA,NA,NA,833,NA,NA,NA,13094,0.0370,NA,NA,NA,NA,NA,NA,NA,NA,NA,0.037,NA,NA,NA,NA,NA,NA,NA,NA,NA,NA,NA,NA,NA,NA,29.79,NA,NA,NA,NA,NA,NA,NA,NA,NA,NA,NA,NA,NA,NA,NA,NA,NA,NA,NA,NA,NA,NA,NA,NA,NA,NA,NA,NA,NA,NA,NA,NA,NA,NA,NA,NA,NA,NA,NA,NA,NA,NA,NA,NA,NA,NA,NA,NA,NA,NA,NA,NA,NA,NA,NA
Bogotá,Kennedy,2009,0.8745,NA,0.7795,0.9327,0.9035,0.7218,NA,NA,NA,NA,NA,NA,208426,NA,NA,NA,1452,NA,NA,NA,11864,0.0380,NA,NA,NA,NA,NA,NA,NA,NA,NA,0.036,NA,NA,NA,NA,NA,NA,NA,NA,NA,NA,NA,NA,NA,NA,30.21,NA,NA,NA,NA,NA,NA,NA,NA,NA,NA,NA,NA,NA,NA,NA,NA,0.51,NA,NA,NA,NA,NA,NA,NA,NA,NA,NA,NA,NA,NA,NA,NA,NA,NA,NA,NA,NA,NA,NA,NA,NA,NA,NA,NA,NA,NA,NA,NA,NA,NA,NA,NA,NA,NA,NA
Bogotá,Kennedy,2010,0.8841,NA,0.7446,0.9294,0.9282,0.7547,NA,NA,NA,NA,NA,NA,206938,236,3193,1215,4262,7467,NA,8918,12544,0.0290,NA,NA,NA,NA,NA,NA,NA,NA,NA,0.0408,NA,NA,NA,NA,NA,NA,NA,NA,NA,NA,NA,NA,NA,NA,30.70,NA,NA,NA,NA,NA,NA,NA,NA,NA,NA,NA,NA,NA,NA,NA,NA,0.55,NA,NA,NA,NA,NA,NA,NA,NA,NA,NA,NA,NA,NA,NA,NA,NA,NA,NA,NA,NA,NA,NA,NA,NA,NA,NA,NA,NA,NA,NA,NA,NA,NA,NA,NA,NA,NA,NA
Bogotá,Kennedy,2011,0.9082,NA,0.7696,0.9324,0.9722,0.7911,NA,NA,NA,NA,NA,NA,205083,76,3140,1078,4360,7826,NA,8980,12689,0.0270,NA,NA,NA,NA,NA,NA,NA,NA,NA,0.0908,NA,NA,NA,NA,NA,NA,NA,NA,NA,NA,NA,NA,NA,NA,29.82,NA,NA,NA,NA,NA,NA,NA,NA,NA,NA,NA,NA,NA,NA,NA,NA,0.82,NA,NA,NA,NA,NA,NA,NA,NA,NA,NA,NA,NA,NA,NA,NA,NA,NA,NA,NA,NA,NA,NA,NA,NA,NA,NA,NA,NA,NA,NA,NA,NA,NA,NA,NA,NA,NA,NA
Bogotá,Kennedy,2012,0.8970,NA,0.7645,0.8981,0.9911,0.7750,NA,NA,NA,NA,NA,NA,203545,126,2795,769,4032,7752,NA,8647,12019,0.0290,0.0110,0.0250,NA,0.0220,NA,0.0370,NA,0.0290,NA,0.084,NA,NA,NA,NA,NA,NA,NA,NA,NA,NA,NA,NA,NA,NA,28.10,NA,NA,NA,NA,NA,NA,NA,NA,NA,NA,NA,NA,NA,NA,NA,NA,0.84,NA,NA,NA,NA,NA,NA,NA,NA,NA,NA,NA,NA,NA,NA,NA,NA,NA,NA,NA,NA,NA,NA,NA,NA,NA,NA,NA,NA,NA,NA,NA,NA,NA,NA,NA,NA,NA,NA
Bogotá,Kennedy,2013,0.8810,NA,0.7764,0.9149,0.9403,0.7349,NA,NA,NA,NA,NA,NA,202186,116,2888,833,4238,7185,NA,8134,13094,0.0240,0.0120,0.0210,0.0160,0.0180,0.0140,0.0310,0.0090,0.0220,0.0050,0.076,NA,0.0210,NA,0.0480,NA,0.1250,NA,0.0620,NA,NA,NA,NA,NA,NA,25.74,NA,NA,NA,NA,NA,NA,NA,NA,NA,NA,NA,NA,NA,NA,NA,NA,0.87,NA,NA,NA,NA,NA,NA,NA,NA,NA,NA,NA,NA,NA,NA,NA,NA,NA,NA,NA,NA,NA,NA,NA,NA,NA,NA,NA,NA,NA,NA,NA,NA,NA,NA,NA,NA,NA,NA
Bogotá,Kennedy,2014,0.8830,NA,0.8830,0.8920,0.9610,0.7735,NA,NA,NA,NA,NA,NA,200994,982,2263,1452,3962,7146,5639,9580,11864,0.0194,0.0080,0.0178,0.0100,NA,NA,NA,NA,NA,NA,0.071,0.0190,0.0020,0.0030,0.0460,0.0080,0.1140,0.0500,0.0550,0.0170,NA,NA,20.00,30.10,25.20,26.30,NA,0.2105,0.7630,0.0263,0.3939,0.3788,0.2273,0.3333,0.6670,0.0000,0.2220,0.5560,0.2220,1.0000,0.0000,0.0000,NA,NA,NA,NA,NA,NA,NA,NA,NA,NA,NA,NA,NA,NA,NA,NA,NA,NA,NA,NA,NA,NA,NA,NA,NA,NA,NA,NA,NA,NA,NA,NA,NA,NA,NA,NA,NA,NA,NA
Bogotá,Kennedy,2015,0.8830,NA,0.7480,0.9080,0.9440,0.7680,NA,NA,NA,NA,NA,NA,200086,2038,2462,2884,3776,6808,5838,11730,12076,NA,NA,NA,NA,NA,NA,NA,NA,NA,NA,0.0665,0.0192,0.0114,0.0051,0.0449,0.0090,0.1074,0.0414,0.0459,0.0186,NA,NA,21.60,30.20,24.40,26.00,NA,0.2500,0.7500,0.0000,0.5440,0.3680,0.0880,1.0000,0.0000,0.0000,NA,NA,NA,1.0000,0.0000,0.0000,NA,NA,NA,NA,NA,NA,NA,NA,NA,NA,NA,NA,NA,NA,NA,NA,NA,NA,NA,NA,NA,NA,NA,NA,NA,NA,NA,NA,NA,NA,NA,NA,NA,NA,NA,NA,NA,NA,NA
Bogotá,Fontibón,2005,NA,NA,NA,NA,NA,NA,NA,NA,NA,NA,NA,NA,NA,NA,NA,NA,257,NA,NA,NA,6823,0.0330,NA,NA,NA,NA,NA,NA,NA,NA,NA,0.029,NA,NA,NA,NA,NA,NA,NA,NA,NA,NA,NA,NA,NA,NA,31.35,NA,NA,NA,NA,NA,NA,NA,NA,NA,NA,NA,NA,NA,NA,NA,NA,NA,NA,NA,NA,NA,NA,NA,NA,NA,NA,NA,NA,NA,NA,NA,NA,NA,NA,NA,NA,NA,NA,NA,NA,NA,NA,NA,NA,NA,NA,NA,NA,NA,NA,NA,NA,NA,NA,NA
Bogotá,Fontibón,2006,NA,NA,NA,NA,NA,NA,NA,NA,NA,NA,NA,NA,NA,NA,NA,NA,208,NA,NA,NA,6705,0.0340,NA,NA,NA,NA,NA,NA,NA,NA,NA,0.036,NA,NA,NA,NA,NA,NA,NA,NA,NA,NA,NA,NA,NA,NA,30.52,NA,NA,NA,NA,NA,NA,NA,NA,NA,NA,NA,NA,NA,NA,NA,NA,NA,NA,NA,NA,NA,NA,NA,NA,NA,NA,NA,NA,NA,NA,NA,NA,NA,NA,NA,NA,NA,NA,NA,NA,NA,NA,NA,NA,NA,NA,NA,NA,NA,NA,NA,NA,NA,NA,NA
Bogotá,Fontibón,2007,NA,NA,NA,NA,NA,NA,NA,NA,NA,NA,NA,NA,NA,NA,NA,NA,184,NA,NA,NA,6241,0.0310,NA,NA,NA,NA,NA,NA,NA,NA,NA,0.038,NA,NA,NA,NA,NA,NA,NA,NA,NA,NA,NA,NA,NA,NA,30.19,NA,NA,NA,NA,NA,NA,NA,NA,NA,NA,NA,NA,NA,NA,NA,NA,NA,NA,NA,NA,NA,NA,NA,NA,NA,NA,NA,NA,NA,NA,NA,NA,NA,NA,NA,NA,NA,NA,NA,NA,NA,NA,NA,NA,NA,NA,NA,NA,NA,NA,NA,NA,NA,NA,NA
Bogotá,Fontibón,2008,0.8862,NA,NA,0.9568,0.8958,0.6856,NA,NA,NA,NA,NA,NA,NA,NA,NA,NA,181,NA,NA,NA,6585,0.0400,NA,NA,NA,NA,NA,NA,NA,NA,NA,0.0405,NA,NA,NA,NA,NA,NA,NA,NA,NA,NA,NA,NA,NA,NA,29.55,NA,NA,NA,NA,NA,NA,NA,NA,NA,NA,NA,NA,NA,NA,NA,NA,NA,NA,NA,NA,NA,NA,NA,NA,NA,NA,NA,NA,NA,NA,NA,NA,NA,NA,NA,NA,NA,NA,NA,NA,NA,NA,NA,NA,NA,NA,NA,NA,NA,NA,NA,NA,NA,NA,NA
Bogotá,Fontibón,2009,0.8759,NA,0.8865,0.9333,0.8948,0.6998,NA,NA,NA,NA,NA,NA,64111,NA,NA,NA,472,NA,NA,NA,5894,0.0330,NA,NA,NA,NA,NA,NA,NA,NA,NA,0.037,NA,NA,NA,NA,NA,NA,NA,NA,NA,NA,NA,NA,NA,NA,29.35,NA,NA,NA,NA,NA,NA,NA,NA,NA,NA,NA,NA,NA,NA,NA,NA,0.47,NA,NA,NA,NA,NA,NA,NA,NA,NA,NA,NA,NA,NA,NA,NA,NA,NA,NA,NA,NA,NA,NA,NA,NA,NA,NA,NA,NA,NA,NA,NA,NA,NA,NA,NA,NA,NA,NA
Bogotá,Fontibón,2010,0.8672,NA,0.8865,0.9165,0.8840,0.7111,NA,NA,NA,NA,NA,NA,64300,NA,1670,257,2353,1669,NA,1926,6823,0.0320,NA,NA,NA,NA,NA,NA,NA,NA,NA,0.0395,NA,NA,NA,NA,NA,NA,NA,NA,NA,NA,NA,NA,NA,NA,30.34,NA,NA,NA,NA,NA,NA,NA,NA,NA,NA,NA,NA,NA,NA,NA,NA,0.35,NA,NA,NA,NA,NA,NA,NA,NA,NA,NA,NA,NA,NA,NA,NA,NA,NA,NA,NA,NA,NA,NA,NA,NA,NA,NA,NA,NA,NA,NA,NA,NA,NA,NA,NA,NA,NA,NA
Bogotá,Fontibón,2011,0.8484,NA,0.8183,0.8917,0.8728,0.7147,NA,NA,NA,NA,NA,NA,64394,22,1856,208,2287,1616,NA,1846,6705,0.0440,NA,NA,NA,NA,NA,NA,NA,NA,NA,0.1136,NA,NA,NA,NA,NA,NA,NA,NA,NA,NA,NA,NA,NA,NA,28.83,NA,NA,NA,NA,NA,NA,NA,NA,NA,NA,NA,NA,NA,NA,NA,NA,0.88,NA,NA,NA,NA,NA,NA,NA,NA,NA,NA,NA,NA,NA,NA,NA,NA,NA,NA,NA,NA,NA,NA,NA,NA,NA,NA,NA,NA,NA,NA,NA,NA,NA,NA,NA,NA,NA,NA
Bogotá,Fontibón,2012,0.8280,NA,0.7884,0.8397,0.8934,0.6928,NA,NA,NA,NA,NA,NA,64563,NA,1594,184,2185,1611,NA,1795,6241,0.0380,0.0070,0.0380,NA,0.0210,NA,0.0550,NA,0.0400,NA,0.115,NA,NA,NA,NA,NA,NA,NA,NA,NA,NA,NA,NA,NA,NA,27.66,NA,NA,NA,NA,NA,NA,NA,NA,NA,NA,NA,NA,NA,NA,NA,NA,0.84,NA,NA,NA,NA,NA,NA,NA,NA,NA,NA,NA,NA,NA,NA,NA,NA,NA,NA,NA,NA,NA,NA,NA,NA,NA,NA,NA,NA,NA,NA,NA,NA,NA,NA,NA,NA,NA,NA
Bogotá,Fontibón,2013,0.8150,NA,0.8024,0.8443,0.8630,0.6624,NA,NA,NA,NA,NA,NA,64811,16,1620,181,2303,1533,NA,1730,6585,0.0390,0.0030,0.0330,0.0070,0.0190,0.0020,0.0620,0.0020,0.0380,0.0020,0.097,NA,0.0030,NA,0.0610,NA,0.1610,NA,0.0790,NA,NA,NA,NA,NA,NA,25.60,NA,NA,NA,NA,NA,NA,NA,NA,NA,NA,NA,NA,NA,NA,NA,NA,0.85,NA,NA,NA,NA,NA,NA,NA,NA,NA,NA,NA,NA,NA,NA,NA,NA,NA,NA,NA,NA,NA,NA,NA,NA,NA,NA,NA,NA,NA,NA,NA,NA,NA,NA,NA,NA,NA,NA
Bogotá,Fontibón,2014,0.7860,NA,0.7860,0.8115,0.8290,0.6546,NA,NA,NA,NA,NA,NA,65172,390,1437,472,1984,1540,2473,2402,5894,0.0342,0.0100,0.0217,0.0060,NA,NA,NA,NA,NA,NA,0.083,0.0230,0.0030,0.0050,0.0520,0.0100,0.1270,0.0490,0.0690,0.0320,NA,NA,22.70,28.30,25.50,26.20,NA,0.2000,0.8000,0.0000,0.7500,0.2143,0.0357,0.0000,0.0000,0.0000,0.0000,0.0000,0.0000,0.0000,0.0000,0.0000,NA,NA,NA,NA,NA,NA,NA,NA,NA,NA,NA,NA,NA,NA,NA,NA,NA,NA,NA,NA,NA,NA,NA,NA,NA,NA,NA,NA,NA,NA,NA,NA,NA,NA,NA,NA,NA,NA,NA
Bogotá,Fontibón,2015,0.8030,NA,0.7440,0.8200,0.8360,0.7250,NA,NA,NA,NA,NA,NA,65692,360,1472,632,2038,1429,2552,2421,6062,NA,NA,NA,NA,NA,NA,NA,NA,NA,NA,0.1086,0.0270,0.0007,0.0030,0.0655,0.0116,0.1740,0.0578,0.1026,0.0238,NA,NA,22.00,27.70,23.80,24.90,NA,0.3000,0.7000,0.0000,0.7860,0.2140,0.0000,NA,NA,NA,NA,NA,NA,NA,0.0000,0.0000,NA,NA,NA,NA,NA,NA,NA,NA,NA,NA,NA,NA,NA,NA,NA,NA,NA,NA,NA,NA,NA,NA,NA,NA,NA,NA,NA,NA,NA,NA,NA,NA,NA,NA,NA,NA,NA,NA,NA
Bogotá,Engativá,2005,NA,NA,NA,NA,NA,NA,NA,NA,NA,NA,NA,NA,NA,NA,NA,NA,441,NA,NA,NA,13658,0.0330,NA,NA,NA,NA,NA,NA,NA,NA,NA,0.031,NA,NA,NA,NA,NA,NA,NA,NA,NA,NA,NA,NA,NA,NA,29.34,NA,NA,NA,NA,NA,NA,NA,NA,NA,NA,NA,NA,NA,NA,NA,NA,NA,NA,NA,NA,NA,NA,NA,NA,NA,NA,NA,NA,NA,NA,NA,NA,NA,NA,NA,NA,NA,NA,NA,NA,NA,NA,NA,NA,NA,NA,NA,NA,NA,NA,NA,NA,NA,NA,NA
Bogotá,Engativá,2006,NA,NA,NA,NA,NA,NA,NA,NA,NA,NA,NA,NA,NA,NA,NA,NA,456,NA,NA,NA,13404,0.0310,NA,NA,NA,NA,NA,NA,NA,NA,NA,0.035,NA,NA,NA,NA,NA,NA,NA,NA,NA,NA,NA,NA,NA,NA,29.07,NA,NA,NA,NA,NA,NA,NA,NA,NA,NA,NA,NA,NA,NA,NA,NA,NA,NA,NA,NA,NA,NA,NA,NA,NA,NA,NA,NA,NA,NA,NA,NA,NA,NA,NA,NA,NA,NA,NA,NA,NA,NA,NA,NA,NA,NA,NA,NA,NA,NA,NA,NA,NA,NA,NA
Bogotá,Engativá,2007,NA,NA,NA,NA,NA,NA,NA,NA,NA,NA,NA,NA,NA,NA,NA,NA,352,NA,NA,NA,12293,0.0400,NA,NA,NA,NA,NA,NA,NA,NA,NA,0.029,NA,NA,NA,NA,NA,NA,NA,NA,NA,NA,NA,NA,NA,NA,29.14,NA,NA,NA,NA,NA,NA,NA,NA,NA,NA,NA,NA,NA,NA,NA,NA,NA,NA,NA,NA,NA,NA,NA,NA,NA,NA,NA,NA,NA,NA,NA,NA,NA,NA,NA,NA,NA,NA,NA,NA,NA,NA,NA,NA,NA,NA,NA,NA,NA,NA,NA,NA,NA,NA,NA
Bogotá,Engativá,2008,1.0182,NA,NA,1.0367,1.1077,0.8598,NA,NA,NA,NA,NA,NA,NA,NA,NA,NA,503,NA,NA,NA,13101,0.0430,NA,NA,NA,NA,NA,NA,NA,NA,NA,0.0276,NA,NA,NA,NA,NA,NA,NA,NA,NA,NA,NA,NA,NA,NA,28.22,NA,NA,NA,NA,NA,NA,NA,NA,NA,NA,NA,NA,NA,NA,NA,NA,NA,NA,NA,NA,NA,NA,NA,NA,NA,NA,NA,NA,NA,NA,NA,NA,NA,NA,NA,NA,NA,NA,NA,NA,NA,NA,NA,NA,NA,NA,NA,NA,NA,NA,NA,NA,NA,NA,NA
Bogotá,Engativá,2009,1.0384,NA,0.8688,1.0485,1.1337,0.9061,NA,NA,NA,NA,NA,NA,155226,NA,NA,NA,1212,NA,NA,NA,11758,0.0410,NA,NA,NA,NA,NA,NA,NA,NA,NA,0.025,NA,NA,NA,NA,NA,NA,NA,NA,NA,NA,NA,NA,NA,NA,28.79,NA,NA,NA,NA,NA,NA,NA,NA,NA,NA,NA,NA,NA,NA,NA,NA,0.73,NA,NA,NA,NA,NA,NA,NA,NA,NA,NA,NA,NA,NA,NA,NA,NA,NA,NA,NA,NA,NA,NA,NA,NA,NA,NA,NA,NA,NA,NA,NA,NA,NA,NA,NA,NA,NA,NA
Bogotá,Engativá,2010,1.0297,NA,0.8505,1.0219,1.1177,0.9572,NA,NA,NA,NA,NA,NA,153243,19,3439,441,4564,4570,NA,5030,13658,0.0530,NA,NA,NA,NA,NA,NA,NA,NA,NA,0.0379,NA,NA,NA,NA,NA,NA,NA,NA,NA,NA,NA,NA,NA,NA,29.41,NA,NA,NA,NA,NA,NA,NA,NA,NA,NA,NA,NA,NA,NA,NA,NA,0.74,NA,NA,NA,NA,NA,NA,NA,NA,NA,NA,NA,NA,NA,NA,NA,NA,NA,NA,NA,NA,NA,NA,NA,NA,NA,NA,NA,NA,NA,NA,NA,NA,NA,NA,NA,NA,NA,NA
Bogotá,Engativá,2011,0.9876,NA,0.8107,0.9624,1.0710,0.9636,NA,NA,NA,NA,NA,NA,151462,NA,3493,456,4498,4282,NA,4738,13404,0.0430,NA,NA,NA,NA,NA,NA,NA,NA,NA,0.0852,NA,NA,NA,NA,NA,NA,NA,NA,NA,NA,NA,NA,NA,NA,28.11,NA,NA,NA,NA,NA,NA,NA,NA,NA,NA,NA,NA,NA,NA,NA,NA,0.86,NA,NA,NA,NA,NA,NA,NA,NA,NA,NA,NA,NA,NA,NA,NA,NA,NA,NA,NA,NA,NA,NA,NA,NA,NA,NA,NA,NA,NA,NA,NA,NA,NA,NA,NA,NA,NA,NA
Bogotá,Engativá,2012,0.9640,NA,0.7916,0.9122,1.0823,0.9337,NA,NA,NA,NA,NA,NA,149694,NA,3032,352,4162,4324,NA,4676,12293,0.0350,0.0130,0.0270,NA,0.0320,NA,0.0420,NA,0.0270,NA,0.079,NA,NA,NA,NA,NA,NA,NA,NA,NA,NA,NA,NA,NA,NA,25.97,NA,NA,NA,NA,NA,NA,NA,NA,NA,NA,NA,NA,NA,NA,NA,NA,0.87,NA,NA,NA,NA,NA,NA,NA,NA,NA,NA,NA,NA,NA,NA,NA,NA,NA,NA,NA,NA,NA,NA,NA,NA,NA,NA,NA,NA,NA,NA,NA,NA,NA,NA,NA,NA,NA,NA
Bogotá,Engativá,2013,0.9540,NA,0.8289,0.9173,1.0565,0.8989,NA,NA,NA,NA,NA,NA,147957,NA,3089,503,4361,4182,NA,4685,13101,0.0240,0.0070,0.0220,0.0100,0.0220,0.0050,0.0290,0.0090,0.0200,0.0060,0.065,NA,0.0020,NA,0.0340,NA,0.1110,NA,0.0620,NA,NA,NA,NA,NA,NA,24.22,NA,NA,NA,NA,NA,NA,NA,NA,NA,NA,NA,NA,NA,NA,NA,NA,0.87,NA,NA,NA,NA,NA,NA,NA,NA,NA,NA,NA,NA,NA,NA,NA,NA,NA,NA,NA,NA,NA,NA,NA,NA,NA,NA,NA,NA,NA,NA,NA,NA,NA,NA,NA,NA,NA,NA
Bogotá,Engativá,2014,0.9780,NA,0.9780,0.9050,1.1136,0.9726,NA,NA,NA,NA,NA,NA,146283,752,2613,1212,3846,4104,5299,6068,11758,0.0227,0.0110,0.0195,0.0110,NA,NA,NA,NA,NA,NA,0.066,0.0240,0.0020,0.0080,0.0420,0.0130,0.0990,0.0460,0.0600,0.0200,NA,NA,22.60,27.70,23.60,24.90,NA,0.2500,0.6880,0.0625,0.5714,0.2500,0.1786,0.5000,0.5000,0.0000,0.5000,0.5000,0.0000,1.0000,0.0000,0.0000,NA,NA,NA,NA,NA,NA,NA,NA,NA,NA,NA,NA,NA,NA,NA,NA,NA,NA,NA,NA,NA,NA,NA,NA,NA,NA,NA,NA,NA,NA,NA,NA,NA,NA,NA,NA,NA,NA,NA
Bogotá,Engativá,2015,0.9570,NA,0.7900,0.9020,1.0730,0.9390,NA,NA,NA,NA,NA,NA,144910,981,2511,1554,3820,3820,5509,6355,11840,NA,NA,NA,NA,NA,NA,NA,NA,NA,NA,0.0609,0.0273,0.0024,0.0094,0.0381,0.0164,0.0956,0.0471,0.0527,0.0211,NA,NA,21.60,27.10,22.60,24.00,NA,0.3100,0.6900,0.0000,0.7500,0.2210,0.0290,0.5000,0.5000,0.0000,0.6000,0.4000,0.0000,1.0000,0.0000,0.0000,NA,NA,NA,NA,NA,NA,NA,NA,NA,NA,NA,NA,NA,NA,NA,NA,NA,NA,NA,NA,NA,NA,NA,NA,NA,NA,NA,NA,NA,NA,NA,NA,NA,NA,NA,NA,NA,NA,NA
Bogotá,Suba,2005,NA,NA,NA,NA,NA,NA,NA,NA,NA,NA,NA,NA,NA,NA,NA,NA,167,NA,NA,NA,21843,0.0280,NA,NA,NA,NA,NA,NA,NA,NA,NA,0.027,NA,NA,NA,NA,NA,NA,NA,NA,NA,NA,NA,NA,NA,NA,31.28,NA,NA,NA,NA,NA,NA,NA,NA,NA,NA,NA,NA,NA,NA,NA,NA,NA,NA,NA,NA,NA,NA,NA,NA,NA,NA,NA,NA,NA,NA,NA,NA,NA,NA,NA,NA,NA,NA,NA,NA,NA,NA,NA,NA,NA,NA,NA,NA,NA,NA,NA,NA,NA,NA,NA
Bogotá,Suba,2006,NA,NA,NA,NA,NA,NA,NA,NA,NA,NA,NA,NA,NA,NA,NA,NA,78,NA,NA,NA,20966,0.0240,NA,NA,NA,NA,NA,NA,NA,NA,NA,0.027,NA,NA,NA,NA,NA,NA,NA,NA,NA,NA,NA,NA,NA,NA,32.08,NA,NA,NA,NA,NA,NA,NA,NA,NA,NA,NA,NA,NA,NA,NA,NA,NA,NA,NA,NA,NA,NA,NA,NA,NA,NA,NA,NA,NA,NA,NA,NA,NA,NA,NA,NA,NA,NA,NA,NA,NA,NA,NA,NA,NA,NA,NA,NA,NA,NA,NA,NA,NA,NA,NA
Bogotá,Suba,2007,NA,NA,NA,NA,NA,NA,NA,NA,NA,NA,NA,NA,NA,NA,NA,NA,NA,NA,NA,NA,19845,0.0250,NA,NA,NA,NA,NA,NA,NA,NA,NA,0.03,NA,NA,NA,NA,NA,NA,NA,NA,NA,NA,NA,NA,NA,NA,30.87,NA,NA,NA,NA,NA,NA,NA,NA,NA,NA,NA,NA,NA,NA,NA,NA,NA,NA,NA,NA,NA,NA,NA,NA,NA,NA,NA,NA,NA,NA,NA,NA,NA,NA,NA,NA,NA,NA,NA,NA,NA,NA,NA,NA,NA,NA,NA,NA,NA,NA,NA,NA,NA,NA,NA
Bogotá,Suba,2008,1.0509,NA,NA,1.1547,1.0564,0.8212,NA,NA,NA,NA,NA,NA,NA,NA,NA,NA,NA,NA,NA,NA,22309,0.0180,NA,NA,NA,NA,NA,NA,NA,NA,NA,0.0306,NA,NA,NA,NA,NA,NA,NA,NA,NA,NA,NA,NA,NA,NA,30.31,NA,NA,NA,NA,NA,NA,NA,NA,NA,NA,NA,NA,NA,NA,NA,NA,NA,NA,NA,NA,NA,NA,NA,NA,NA,NA,NA,NA,NA,NA,NA,NA,NA,NA,NA,NA,NA,NA,NA,NA,NA,NA,NA,NA,NA,NA,NA,NA,NA,NA,NA,NA,NA,NA,NA
Bogotá,Suba,2009,1.0524,NA,0.9440,1.1434,1.0742,0.8466,NA,NA,NA,NA,NA,NA,204557,NA,NA,NA,1039,NA,NA,NA,20468,0.0160,NA,NA,NA,NA,NA,NA,NA,NA,NA,0.032,NA,NA,NA,NA,NA,NA,NA,NA,NA,NA,NA,NA,NA,NA,30.54,NA,NA,NA,NA,NA,NA,NA,NA,NA,NA,NA,NA,NA,NA,NA,NA,0.35,NA,NA,NA,NA,NA,NA,NA,NA,NA,NA,NA,NA,NA,NA,NA,NA,NA,NA,NA,NA,NA,NA,NA,NA,NA,NA,NA,NA,NA,NA,NA,NA,NA,NA,NA,NA,NA,NA
Bogotá,Suba,2010,1.0617,NA,0.9742,1.1234,1.0888,0.9053,NA,NA,NA,NA,NA,NA,205546,85,5668,167,7043,6694,NA,6946,21843,0.0160,NA,NA,NA,NA,NA,NA,NA,NA,NA,0.031,NA,NA,NA,NA,NA,NA,NA,NA,NA,NA,NA,NA,NA,NA,31.14,NA,NA,NA,NA,NA,NA,NA,NA,NA,NA,NA,NA,NA,NA,NA,NA,0.49,NA,NA,NA,NA,NA,NA,NA,NA,NA,NA,NA,NA,NA,NA,NA,NA,NA,NA,NA,NA,NA,NA,NA,NA,NA,NA,NA,NA,NA,NA,NA,NA,NA,NA,NA,NA,NA,NA
Bogotá,Suba,2011,1.0171,NA,0.8988,1.0469,1.0549,0.9287,NA,NA,NA,NA,NA,NA,206024,NA,5705,78,7124,6652,NA,6730,20966,0.0190,NA,NA,NA,NA,NA,NA,NA,NA,NA,0.085,NA,NA,NA,NA,NA,NA,NA,NA,NA,NA,NA,NA,NA,NA,30.28,NA,NA,NA,NA,NA,NA,NA,NA,NA,NA,NA,NA,NA,NA,NA,NA,0.82,NA,NA,NA,NA,NA,NA,NA,NA,NA,NA,NA,NA,NA,NA,NA,NA,NA,NA,NA,NA,NA,NA,NA,NA,NA,NA,NA,NA,NA,NA,NA,NA,NA,NA,NA,NA,NA,NA
Bogotá,Suba,2012,1.0030,NA,0.8294,0.9941,1.0957,0.9235,NA,NA,NA,NA,NA,NA,206813,NA,5190,NA,6338,5501,NA,5501,19845,0.0170,0.0080,0.0130,NA,0.0130,NA,0.0220,NA,0.0170,NA,0.076,NA,NA,NA,NA,NA,NA,NA,NA,NA,NA,NA,NA,NA,NA,28.41,NA,NA,NA,NA,NA,NA,NA,NA,NA,NA,NA,NA,NA,NA,NA,NA,0.87,NA,NA,NA,NA,NA,NA,NA,NA,NA,NA,NA,NA,NA,NA,NA,NA,NA,NA,NA,NA,NA,NA,NA,NA,NA,NA,NA,NA,NA,NA,NA,NA,NA,NA,NA,NA,NA,NA
Bogotá,Suba,2013,0.9960,NA,0.8299,0.9954,1.0589,0.9539,NA,NA,NA,NA,NA,NA,207803,NA,5283,NA,7208,4183,NA,4183,22309,0.0160,0.0060,0.0190,0.0080,0.0110,0.0060,0.0210,0.0070,0.0170,0.0040,0.05,NA,0.0050,NA,0.0360,NA,0.0760,NA,0.0480,NA,NA,NA,NA,NA,NA,26.38,NA,NA,NA,NA,NA,NA,NA,NA,NA,NA,NA,NA,NA,NA,NA,NA,0.89,NA,NA,NA,NA,NA,NA,NA,NA,NA,NA,NA,NA,NA,NA,NA,NA,NA,NA,NA,NA,NA,NA,NA,NA,NA,NA,NA,NA,NA,NA,NA,NA,NA,NA,NA,NA,NA,NA
Bogotá,Suba,2014,0.9810,NA,0.9810,0.9391,1.0679,1.0039,NA,NA,NA,NA,NA,NA,209010,847,4825,1039,6498,4338,9145,6224,20468,0.0135,0.0070,0.0145,0.0070,NA,NA,NA,NA,NA,NA,0.039,0.0170,0.0000,0.0060,0.0280,0.0100,0.0560,0.0310,0.0310,0.0160,NA,NA,21.50,29.40,24.90,26.10,NA,0.1538,0.7310,0.1154,0.8176,0.1006,0.0818,0.5000,0.5000,0.0000,0.4100,0.5130,0.0770,1.0000,0.0000,0.0000,NA,NA,NA,NA,NA,NA,NA,NA,NA,NA,NA,NA,NA,NA,NA,NA,NA,NA,NA,NA,NA,NA,NA,NA,NA,NA,NA,NA,NA,NA,NA,NA,NA,NA,NA,NA,NA,NA,NA
Bogotá,Suba,2015,0.9650,NA,0.8380,0.9660,1.0160,0.9230,NA,NA,NA,NA,NA,NA,210420,1312,5063,1873,6767,4865,9597,8050,21427,NA,NA,NA,NA,NA,NA,NA,NA,NA,NA,0.0306,0.0174,0.0004,0.0098,0.0208,0.0108,0.0479,0.0305,0.0255,0.0134,NA,NA,22.90,29.00,23.70,25.50,NA,0.1740,0.7830,0.0430,0.8840,0.0790,0.0370,1.0000,0.0000,0.0000,0.2960,0.6300,0.0740,NA,0.0000,0.0000,NA,NA,NA,NA,NA,NA,NA,NA,NA,NA,NA,NA,NA,NA,NA,NA,NA,NA,NA,NA,NA,NA,NA,NA,NA,NA,NA,NA,NA,NA,NA,NA,NA,NA,NA,NA,NA,NA,NA
Bogotá,Barrios Unidos,2005,NA,NA,NA,NA,NA,NA,NA,NA,NA,NA,NA,NA,NA,NA,NA,NA,144,NA,NA,NA,2177,0.0530,NA,NA,NA,NA,NA,NA,NA,NA,NA,0.035,NA,NA,NA,NA,NA,NA,NA,NA,NA,NA,NA,NA,NA,NA,28.57,NA,NA,NA,NA,NA,NA,NA,NA,NA,NA,NA,NA,NA,NA,NA,NA,NA,NA,NA,NA,NA,NA,NA,NA,NA,NA,NA,NA,NA,NA,NA,NA,NA,NA,NA,NA,NA,NA,NA,NA,NA,NA,NA,NA,NA,NA,NA,NA,NA,NA,NA,NA,NA,NA,NA
Bogotá,Barrios Unidos,2006,NA,NA,NA,NA,NA,NA,NA,NA,NA,NA,NA,NA,NA,NA,NA,NA,127,NA,NA,NA,2032,0.0330,NA,NA,NA,NA,NA,NA,NA,NA,NA,0.03,NA,NA,NA,NA,NA,NA,NA,NA,NA,NA,NA,NA,NA,NA,27.24,NA,NA,NA,NA,NA,NA,NA,NA,NA,NA,NA,NA,NA,NA,NA,NA,NA,NA,NA,NA,NA,NA,NA,NA,NA,NA,NA,NA,NA,NA,NA,NA,NA,NA,NA,NA,NA,NA,NA,NA,NA,NA,NA,NA,NA,NA,NA,NA,NA,NA,NA,NA,NA,NA,NA
Bogotá,Barrios Unidos,2007,NA,NA,NA,NA,NA,NA,NA,NA,NA,NA,NA,NA,NA,NA,NA,NA,90,NA,NA,NA,1854,0.0300,NA,NA,NA,NA,NA,NA,NA,NA,NA,0.031,NA,NA,NA,NA,NA,NA,NA,NA,NA,NA,NA,NA,NA,NA,27.34,NA,NA,NA,NA,NA,NA,NA,NA,NA,NA,NA,NA,NA,NA,NA,NA,NA,NA,NA,NA,NA,NA,NA,NA,NA,NA,NA,NA,NA,NA,NA,NA,NA,NA,NA,NA,NA,NA,NA,NA,NA,NA,NA,NA,NA,NA,NA,NA,NA,NA,NA,NA,NA,NA,NA
Bogotá,Barrios Unidos,2008,0.9026,NA,NA,0.8517,1.0088,0.9085,NA,NA,NA,NA,NA,NA,NA,NA,NA,NA,122,NA,NA,NA,1846,0.0410,NA,NA,NA,NA,NA,NA,NA,NA,NA,0.0325,NA,NA,NA,NA,NA,NA,NA,NA,NA,NA,NA,NA,NA,NA,25.91,NA,NA,NA,NA,NA,NA,NA,NA,NA,NA,NA,NA,NA,NA,NA,NA,NA,NA,NA,NA,NA,NA,NA,NA,NA,NA,NA,NA,NA,NA,NA,NA,NA,NA,NA,NA,NA,NA,NA,NA,NA,NA,NA,NA,NA,NA,NA,NA,NA,NA,NA,NA,NA,NA,NA
Bogotá,Barrios Unidos,2009,0.8680,NA,0.6595,0.8380,0.9714,0.8317,NA,NA,NA,NA,NA,NA,36146,NA,NA,NA,364,NA,NA,NA,1747,0.0390,NA,NA,NA,NA,NA,NA,NA,NA,NA,0.046,NA,NA,NA,NA,NA,NA,NA,NA,NA,NA,NA,NA,NA,NA,25.41,NA,NA,NA,NA,NA,NA,NA,NA,NA,NA,NA,NA,NA,NA,NA,NA,0.73,NA,NA,NA,NA,NA,NA,NA,NA,NA,NA,NA,NA,NA,NA,NA,NA,NA,NA,NA,NA,NA,NA,NA,NA,NA,NA,NA,NA,NA,NA,NA,NA,NA,NA,NA,NA,NA,NA
Bogotá,Barrios Unidos,2010,0.8749,NA,0.6345,0.8128,1.0169,0.8585,NA,NA,NA,NA,NA,NA,35453,NA,692,144,681,991,NA,1135,2177,0.0500,NA,NA,NA,NA,NA,NA,NA,NA,NA,0.0407,NA,NA,NA,NA,NA,NA,NA,NA,NA,NA,NA,NA,NA,NA,26.58,NA,NA,NA,NA,NA,NA,NA,NA,NA,NA,NA,NA,NA,NA,NA,NA,0.81,NA,NA,NA,NA,NA,NA,NA,NA,NA,NA,NA,NA,NA,NA,NA,NA,NA,NA,NA,NA,NA,NA,NA,NA,NA,NA,NA,NA,NA,NA,NA,NA,NA,NA,NA,NA,NA,NA
Bogotá,Barrios Unidos,2011,0.8276,NA,0.6068,0.7706,0.9243,0.8698,NA,NA,NA,NA,NA,NA,34884,NA,587,127,677,897,NA,1024,2032,0.0330,NA,NA,NA,NA,NA,NA,NA,NA,NA,0.1084,NA,NA,NA,NA,NA,NA,NA,NA,NA,NA,NA,NA,NA,NA,25.09,NA,NA,NA,NA,NA,NA,NA,NA,NA,NA,NA,NA,NA,NA,NA,NA,0.88,NA,NA,NA,NA,NA,NA,NA,NA,NA,NA,NA,NA,NA,NA,NA,NA,NA,NA,NA,NA,NA,NA,NA,NA,NA,NA,NA,NA,NA,NA,NA,NA,NA,NA,NA,NA,NA,NA
Bogotá,Barrios Unidos,2012,0.8040,NA,0.6882,0.7327,0.9118,0.8112,NA,NA,NA,NA,NA,NA,34288,NA,514,90,566,1080,NA,1170,1854,0.0340,0.0130,0.0250,NA,0.0340,NA,0.0420,NA,0.0200,NA,0.077,NA,NA,NA,NA,NA,NA,NA,NA,NA,NA,NA,NA,NA,NA,23.12,NA,NA,NA,NA,NA,NA,NA,NA,NA,NA,NA,NA,NA,NA,NA,NA,0.88,NA,NA,NA,NA,NA,NA,NA,NA,NA,NA,NA,NA,NA,NA,NA,NA,NA,NA,NA,NA,NA,NA,NA,NA,NA,NA,NA,NA,NA,NA,NA,NA,NA,NA,NA,NA,NA,NA
Bogotá,Barrios Unidos,2013,0.7820,NA,0.6521,0.7262,0.8545,0.8272,NA,NA,NA,NA,NA,NA,33730,NA,524,122,546,965,NA,1087,1846,0.0420,0.0110,0.0480,0.0150,0.0360,0.0100,0.0550,0.0130,0.0240,0.0060,0.082,NA,0.0110,NA,0.0460,NA,0.1340,NA,0.0920,NA,NA,NA,NA,NA,NA,22.58,NA,NA,NA,NA,NA,NA,NA,NA,NA,NA,NA,NA,NA,NA,NA,NA,0.87,NA,NA,NA,NA,NA,NA,NA,NA,NA,NA,NA,NA,NA,NA,NA,NA,NA,NA,NA,NA,NA,NA,NA,NA,NA,NA,NA,NA,NA,NA,NA,NA,NA,NA,NA,NA,NA,NA
Bogotá,Barrios Unidos,2014,0.8050,NA,0.8050,0.7554,0.8964,0.8302,NA,NA,NA,NA,NA,NA,33123,291,429,364,560,870,758,1525,1747,0.0321,0.0090,0.0394,0.0030,NA,NA,NA,NA,NA,NA,0.056,0.0220,0.0080,0.0060,0.0360,0.0200,0.0890,0.0350,0.0460,0.0140,NA,NA,18.60,24.50,22.40,22.80,NA,0.2000,0.8000,0.0000,0.6000,0.1667,0.2333,0.0000,0.0000,0.0000,0.0000,0.0000,0.0000,1.0000,0.0000,0.0000,NA,NA,NA,NA,NA,NA,NA,NA,NA,NA,NA,NA,NA,NA,NA,NA,NA,NA,NA,NA,NA,NA,NA,NA,NA,NA,NA,NA,NA,NA,NA,NA,NA,NA,NA,NA,NA,NA,NA
Bogotá,Barrios Unidos,2015,0.7550,NA,0.5920,0.7240,0.8280,0.7670,NA,NA,NA,NA,NA,NA,32633,337,466,459,506,866,733,1662,1705,NA,NA,NA,NA,NA,NA,NA,NA,NA,NA,0.0506,0.0196,0.0023,0.0046,0.0337,0.0161,0.0770,0.0318,0.0520,0.0097,NA,NA,17.90,24.20,20.40,21.50,NA,0.2000,0.8000,0.0000,0.9000,0.1000,0.0000,NA,NA,NA,NA,NA,NA,1.0000,0.0000,0.0000,NA,NA,NA,NA,NA,NA,NA,NA,NA,NA,NA,NA,NA,NA,NA,NA,NA,NA,NA,NA,NA,NA,NA,NA,NA,NA,NA,NA,NA,NA,NA,NA,NA,NA,NA,NA,NA,NA,NA
Bogotá,Teusaquillo,2005,NA,NA,NA,NA,NA,NA,NA,NA,NA,NA,NA,NA,NA,NA,NA,NA,27,NA,NA,NA,4431,0.0110,NA,NA,NA,NA,NA,NA,NA,NA,NA,0.034,NA,NA,NA,NA,NA,NA,NA,NA,NA,NA,NA,NA,NA,NA,27.59,NA,NA,NA,NA,NA,NA,NA,NA,NA,NA,NA,NA,NA,NA,NA,NA,NA,NA,NA,NA,NA,NA,NA,NA,NA,NA,NA,NA,NA,NA,NA,NA,NA,NA,NA,NA,NA,NA,NA,NA,NA,NA,NA,NA,NA,NA,NA,NA,NA,NA,NA,NA,NA,NA,NA
Bogotá,Teusaquillo,2006,NA,NA,NA,NA,NA,NA,NA,NA,NA,NA,NA,NA,NA,NA,NA,NA,26,NA,NA,NA,3834,0.0250,NA,NA,NA,NA,NA,NA,NA,NA,NA,0.021,NA,NA,NA,NA,NA,NA,NA,NA,NA,NA,NA,NA,NA,NA,28.56,NA,NA,NA,NA,NA,NA,NA,NA,NA,NA,NA,NA,NA,NA,NA,NA,NA,NA,NA,NA,NA,NA,NA,NA,NA,NA,NA,NA,NA,NA,NA,NA,NA,NA,NA,NA,NA,NA,NA,NA,NA,NA,NA,NA,NA,NA,NA,NA,NA,NA,NA,NA,NA,NA,NA
Bogotá,Teusaquillo,2007,NA,NA,NA,NA,NA,NA,NA,NA,NA,NA,NA,NA,NA,NA,NA,NA,22,NA,NA,NA,3657,0.0320,NA,NA,NA,NA,NA,NA,NA,NA,NA,0.013,NA,NA,NA,NA,NA,NA,NA,NA,NA,NA,NA,NA,NA,NA,25.35,NA,NA,NA,NA,NA,NA,NA,NA,NA,NA,NA,NA,NA,NA,NA,NA,NA,NA,NA,NA,NA,NA,NA,NA,NA,NA,NA,NA,NA,NA,NA,NA,NA,NA,NA,NA,NA,NA,NA,NA,NA,NA,NA,NA,NA,NA,NA,NA,NA,NA,NA,NA,NA,NA,NA
Bogotá,Teusaquillo,2008,1.1982,NA,NA,1.2527,1.2380,0.9919,NA,NA,NA,NA,NA,NA,NA,NA,NA,NA,42,NA,NA,NA,3142,0.0080,NA,NA,NA,NA,NA,NA,NA,NA,NA,0.0262,NA,NA,NA,NA,NA,NA,NA,NA,NA,NA,NA,NA,NA,NA,22.66,NA,NA,NA,NA,NA,NA,NA,NA,NA,NA,NA,NA,NA,NA,NA,NA,NA,NA,NA,NA,NA,NA,NA,NA,NA,NA,NA,NA,NA,NA,NA,NA,NA,NA,NA,NA,NA,NA,NA,NA,NA,NA,NA,NA,NA,NA,NA,NA,NA,NA,NA,NA,NA,NA,NA
Bogotá,Teusaquillo,2009,1.2425,NA,1.2444,1.2676,1.3594,1.0124,NA,NA,NA,NA,NA,NA,18413,NA,NA,NA,82,NA,NA,NA,3237,0.0060,NA,NA,NA,NA,NA,NA,NA,NA,NA,0.029,NA,NA,NA,NA,NA,NA,NA,NA,NA,NA,NA,NA,NA,NA,25.09,NA,NA,NA,NA,NA,NA,NA,NA,NA,NA,NA,NA,NA,NA,NA,NA,0.50,NA,NA,NA,NA,NA,NA,NA,NA,NA,NA,NA,NA,NA,NA,NA,NA,NA,NA,NA,NA,NA,NA,NA,NA,NA,NA,NA,NA,NA,NA,NA,NA,NA,NA,NA,NA,NA,NA
Bogotá,Teusaquillo,2010,1.2623,NA,1.2565,1.2424,1.4272,1.0467,NA,NA,NA,NA,NA,NA,17913,NA,1484,27,1482,215,NA,242,4431,0.0790,NA,NA,NA,NA,NA,NA,NA,NA,NA,0.0013,NA,NA,NA,NA,NA,NA,NA,NA,NA,NA,NA,NA,NA,NA,25.12,NA,NA,NA,NA,NA,NA,NA,NA,NA,NA,NA,NA,NA,NA,NA,NA,0.50,NA,NA,NA,NA,NA,NA,NA,NA,NA,NA,NA,NA,NA,NA,NA,NA,NA,NA,NA,NA,NA,NA,NA,NA,NA,NA,NA,NA,NA,NA,NA,NA,NA,NA,NA,NA,NA,NA
Bogotá,Teusaquillo,2011,1.3359,NA,1.1536,1.2794,1.4549,1.3094,NA,NA,NA,NA,NA,NA,17731,NA,1311,26,1258,237,NA,263,3834,0.0360,NA,NA,NA,NA,NA,NA,NA,NA,NA,0.0653,NA,NA,NA,NA,NA,NA,NA,NA,NA,NA,NA,NA,NA,NA,24.61,NA,NA,NA,NA,NA,NA,NA,NA,NA,NA,NA,NA,NA,NA,NA,NA,0.75,NA,NA,NA,NA,NA,NA,NA,NA,NA,NA,NA,NA,NA,NA,NA,NA,NA,NA,NA,NA,NA,NA,NA,NA,NA,NA,NA,NA,NA,NA,NA,NA,NA,NA,NA,NA,NA,NA
Bogotá,Teusaquillo,2012,1.2910,NA,1.1396,1.1698,1.4442,1.3087,NA,NA,NA,NA,NA,NA,17506,NA,1216,22,1216,236,NA,258,3657,0.0130,0.0070,0.0090,NA,0.0110,NA,0.0170,NA,0.0090,NA,0.079,NA,NA,NA,NA,NA,NA,NA,NA,NA,NA,NA,NA,NA,NA,20.12,NA,NA,NA,NA,NA,NA,NA,NA,NA,NA,NA,NA,NA,NA,NA,NA,0.75,NA,NA,NA,NA,NA,NA,NA,NA,NA,NA,NA,NA,NA,NA,NA,NA,NA,NA,NA,NA,NA,NA,NA,NA,NA,NA,NA,NA,NA,NA,NA,NA,NA,NA,NA,NA,NA,NA
Bogotá,Teusaquillo,2013,1.2060,NA,1.0432,1.0972,1.3235,1.2579,NA,NA,NA,NA,NA,NA,17271,20,975,42,1070,231,NA,293,3142,0.0030,0.0130,0.0110,0.0130,0.0050,0.0110,0.0000,0.0170,0.0020,0.0080,0.047,NA,0.0020,NA,0.0360,NA,0.0750,NA,0.0280,NA,NA,NA,NA,NA,NA,19.71,NA,NA,NA,NA,NA,NA,NA,NA,NA,NA,NA,NA,NA,NA,NA,NA,0.75,NA,NA,NA,NA,NA,NA,NA,NA,NA,NA,NA,NA,NA,NA,NA,NA,NA,NA,NA,NA,NA,NA,NA,NA,NA,NA,NA,NA,NA,NA,NA,NA,NA,NA,NA,NA,NA,NA
Bogotá,Teusaquillo,2014,1.2700,NA,1.2700,1.0919,1.4036,1.4163,NA,NA,NA,NA,NA,NA,16933,18,979,82,1103,270,1155,370,3237,0.0000,0.0050,0.0000,0.0100,NA,NA,NA,NA,NA,NA,0.055,0.0180,0.0000,0.0040,0.0250,0.0140,0.0950,0.0330,0.0390,0.0160,NA,NA,18.50,28.00,17.80,20.30,NA,0.5000,0.5000,0.0000,0.6500,0.1750,0.1750,0.0000,0.0000,0.0000,0.0000,0.0000,0.0000,1.0000,0.0000,0.0000,NA,NA,NA,NA,NA,NA,NA,NA,NA,NA,NA,NA,NA,NA,NA,NA,NA,NA,NA,NA,NA,NA,NA,NA,NA,NA,NA,NA,NA,NA,NA,NA,NA,NA,NA,NA,NA,NA,NA
Bogotá,Teusaquillo,2015,1.3330,NA,1.1140,1.1300,1.5820,1.3900,NA,NA,NA,NA,NA,NA,16501,25,1051,62,1056,287,1141,374,3248,NA,NA,NA,NA,NA,NA,NA,NA,NA,NA,0.0847,0.0195,0.0081,0.0263,0.0623,0.0147,0.1339,0.0279,0.0500,0.0101,NA,NA,16.40,26.20,17.80,19.70,NA,0.5000,0.5000,0.0000,0.9620,0.0380,0.0000,NA,NA,NA,NA,NA,NA,1.0000,0.0000,0.0000,NA,NA,NA,NA,NA,NA,NA,NA,NA,NA,NA,NA,NA,NA,NA,NA,NA,NA,NA,NA,NA,NA,NA,NA,NA,NA,NA,NA,NA,NA,NA,NA,NA,NA,NA,NA,NA,NA,NA
Bogotá,Los Mártires,2005,NA,NA,NA,NA,NA,NA,NA,NA,NA,NA,NA,NA,NA,NA,NA,NA,19,NA,NA,NA,1792,0.0350,NA,NA,NA,NA,NA,NA,NA,NA,NA,0.041,NA,NA,NA,NA,NA,NA,NA,NA,NA,NA,NA,NA,NA,NA,28.22,NA,NA,NA,NA,NA,NA,NA,NA,NA,NA,NA,NA,NA,NA,NA,NA,NA,NA,NA,NA,NA,NA,NA,NA,NA,NA,NA,NA,NA,NA,NA,NA,NA,NA,NA,NA,NA,NA,NA,NA,NA,NA,NA,NA,NA,NA,NA,NA,NA,NA,NA,NA,NA,NA,NA
Bogotá,Los Mártires,2006,NA,NA,NA,NA,NA,NA,NA,NA,NA,NA,NA,NA,NA,NA,NA,NA,13,NA,NA,NA,1597,0.0470,NA,NA,NA,NA,NA,NA,NA,NA,NA,0.029,NA,NA,NA,NA,NA,NA,NA,NA,NA,NA,NA,NA,NA,NA,29.43,NA,NA,NA,NA,NA,NA,NA,NA,NA,NA,NA,NA,NA,NA,NA,NA,NA,NA,NA,NA,NA,NA,NA,NA,NA,NA,NA,NA,NA,NA,NA,NA,NA,NA,NA,NA,NA,NA,NA,NA,NA,NA,NA,NA,NA,NA,NA,NA,NA,NA,NA,NA,NA,NA,NA
Bogotá,Los Mártires,2007,NA,NA,NA,NA,NA,NA,NA,NA,NA,NA,NA,NA,NA,NA,NA,NA,20,NA,NA,NA,1526,0.0500,NA,NA,NA,NA,NA,NA,NA,NA,NA,0.03,NA,NA,NA,NA,NA,NA,NA,NA,NA,NA,NA,NA,NA,NA,27.34,NA,NA,NA,NA,NA,NA,NA,NA,NA,NA,NA,NA,NA,NA,NA,NA,NA,NA,NA,NA,NA,NA,NA,NA,NA,NA,NA,NA,NA,NA,NA,NA,NA,NA,NA,NA,NA,NA,NA,NA,NA,NA,NA,NA,NA,NA,NA,NA,NA,NA,NA,NA,NA,NA,NA
Bogotá,Los Mártires,2008,1.4440,NA,NA,1.4406,1.6044,1.2866,NA,NA,NA,NA,NA,NA,NA,NA,NA,NA,21,NA,NA,NA,1514,0.0460,NA,NA,NA,NA,NA,NA,NA,NA,NA,0.035,NA,NA,NA,NA,NA,NA,NA,NA,NA,NA,NA,NA,NA,NA,27.77,NA,NA,NA,NA,NA,NA,NA,NA,NA,NA,NA,NA,NA,NA,NA,NA,NA,NA,NA,NA,NA,NA,NA,NA,NA,NA,NA,NA,NA,NA,NA,NA,NA,NA,NA,NA,NA,NA,NA,NA,NA,NA,NA,NA,NA,NA,NA,NA,NA,NA,NA,NA,NA,NA,NA
Bogotá,Los Mártires,2009,1.4446,NA,1.1299,1.4712,1.5957,1.2436,NA,NA,NA,NA,NA,NA,16965,NA,NA,NA,237,NA,NA,NA,1487,0.0500,NA,NA,NA,NA,NA,NA,NA,NA,NA,0.032,NA,NA,NA,NA,NA,NA,NA,NA,NA,NA,NA,NA,NA,NA,26.50,NA,NA,NA,NA,NA,NA,NA,NA,NA,NA,NA,NA,NA,NA,NA,NA,0.69,NA,NA,NA,NA,NA,NA,NA,NA,NA,NA,NA,NA,NA,NA,NA,NA,NA,NA,NA,NA,NA,NA,NA,NA,NA,NA,NA,NA,NA,NA,NA,NA,NA,NA,NA,NA,NA,NA
Bogotá,Los Mártires,2010,1.4665,NA,1.1669,1.4754,1.6514,1.2368,NA,NA,NA,NA,NA,NA,16508,NA,458,19,591,746,NA,765,1792,0.0670,NA,NA,NA,NA,NA,NA,NA,NA,NA,0.0341,NA,NA,NA,NA,NA,NA,NA,NA,NA,NA,NA,NA,NA,NA,26.69,NA,NA,NA,NA,NA,NA,NA,NA,NA,NA,NA,NA,NA,NA,NA,NA,0.71,NA,NA,NA,NA,NA,NA,NA,NA,NA,NA,NA,NA,NA,NA,NA,NA,NA,NA,NA,NA,NA,NA,NA,NA,NA,NA,NA,NA,NA,NA,NA,NA,NA,NA,NA,NA,NA,NA
Bogotá,Los Mártires,2011,1.4531,NA,1.1388,1.4342,1.6481,1.2697,NA,NA,NA,NA,NA,NA,16262,NA,381,13,513,749,NA,762,1597,0.0530,NA,NA,NA,NA,NA,NA,NA,NA,NA,0.081,NA,NA,NA,NA,NA,NA,NA,NA,NA,NA,NA,NA,NA,NA,25.10,NA,NA,NA,NA,NA,NA,NA,NA,NA,NA,NA,NA,NA,NA,NA,NA,0.79,NA,NA,NA,NA,NA,NA,NA,NA,NA,NA,NA,NA,NA,NA,NA,NA,NA,NA,NA,NA,NA,NA,NA,NA,NA,NA,NA,NA,NA,NA,NA,NA,NA,NA,NA,NA,NA,NA
Bogotá,Los Mártires,2012,1.4380,NA,1.0971,1.3883,1.6937,1.2207,NA,NA,NA,NA,NA,NA,15993,NA,372,20,482,718,NA,738,1526,0.0360,0.0070,0.0400,NA,0.0300,NA,0.0410,NA,0.0320,NA,0.073,NA,NA,NA,NA,NA,NA,NA,NA,NA,NA,NA,NA,NA,NA,24.51,NA,NA,NA,NA,NA,NA,NA,NA,NA,NA,NA,NA,NA,NA,NA,NA,0.73,NA,NA,NA,NA,NA,NA,NA,NA,NA,NA,NA,NA,NA,NA,NA,NA,NA,NA,NA,NA,NA,NA,NA,NA,NA,NA,NA,NA,NA,NA,NA,NA,NA,NA,NA,NA,NA,NA
Bogotá,Los Mártires,2013,1.3610,NA,1.1255,1.3285,1.5922,1.1108,NA,NA,NA,NA,NA,NA,15702,18,329,21,482,705,NA,744,1514,0.0380,0.0090,0.0590,0.0200,0.0360,0.0140,0.0400,0.0040,0.0290,0.0030,0.083,NA,0.0090,NA,0.0480,NA,0.1230,NA,0.0830,NA,NA,NA,NA,NA,NA,22.14,NA,NA,NA,NA,NA,NA,NA,NA,NA,NA,NA,NA,NA,NA,NA,NA,0.79,NA,NA,NA,NA,NA,NA,NA,NA,NA,NA,NA,NA,NA,NA,NA,NA,NA,NA,NA,NA,NA,NA,NA,NA,NA,NA,NA,NA,NA,NA,NA,NA,NA,NA,NA,NA,NA,NA
Bogotá,Los Mártires,2014,1.3460,NA,1.3460,1.3040,1.5395,1.1791,NA,NA,NA,NA,NA,NA,15385,223,383,237,424,702,680,1162,1487,0.0181,0.0170,0.0197,0.0200,NA,NA,NA,NA,NA,NA,0.067,0.0270,0.0130,0.0080,0.0450,0.0150,0.1050,0.0470,0.0500,0.0130,NA,NA,35.20,25.30,19.90,22.90,NA,0.2500,0.5000,0.2500,0.8000,0.0000,0.2000,0.0000,0.0000,0.0000,0.0000,0.0000,0.0000,1.0000,0.0000,0.0000,NA,NA,NA,NA,NA,NA,NA,NA,NA,NA,NA,NA,NA,NA,NA,NA,NA,NA,NA,NA,NA,NA,NA,NA,NA,NA,NA,NA,NA,NA,NA,NA,NA,NA,NA,NA,NA,NA,NA
Bogotá,Los Mártires,2015,1.3470,NA,1.0660,1.3680,1.4550,1.2270,NA,NA,NA,NA,NA,NA,15011,232,315,246,472,698,588,1176,1375,NA,NA,NA,NA,NA,NA,NA,NA,NA,NA,0.0515,0.0232,0.0072,0.0058,0.0312,0.0115,0.0826,0.0445,0.0359,0.0135,NA,NA,32.70,24.00,18.90,21.80,NA,0.3750,0.6250,0.0000,0.9000,0.0000,0.1000,NA,NA,NA,NA,NA,NA,1.0000,0.0000,0.0000,NA,NA,NA,NA,NA,NA,NA,NA,NA,NA,NA,NA,NA,NA,NA,NA,NA,NA,NA,NA,NA,NA,NA,NA,NA,NA,NA,NA,NA,NA,NA,NA,NA,NA,NA,NA,NA,NA,NA
Bogotá,Antonio Nariño,2005,NA,NA,NA,NA,NA,NA,NA,NA,NA,NA,NA,NA,NA,NA,NA,NA,149,NA,NA,NA,2009,0.0390,NA,NA,NA,NA,NA,NA,NA,NA,NA,0.038,NA,NA,NA,NA,NA,NA,NA,NA,NA,NA,NA,NA,NA,NA,28.02,NA,NA,NA,NA,NA,NA,NA,NA,NA,NA,NA,NA,NA,NA,NA,NA,NA,NA,NA,NA,NA,NA,NA,NA,NA,NA,NA,NA,NA,NA,NA,NA,NA,NA,NA,NA,NA,NA,NA,NA,NA,NA,NA,NA,NA,NA,NA,NA,NA,NA,NA,NA,NA,NA,NA
Bogotá,Antonio Nariño,2006,NA,NA,NA,NA,NA,NA,NA,NA,NA,NA,NA,NA,NA,NA,NA,NA,136,NA,NA,NA,1878,0.0590,NA,NA,NA,NA,NA,NA,NA,NA,NA,0.036,NA,NA,NA,NA,NA,NA,NA,NA,NA,NA,NA,NA,NA,NA,27.85,NA,NA,NA,NA,NA,NA,NA,NA,NA,NA,NA,NA,NA,NA,NA,NA,NA,NA,NA,NA,NA,NA,NA,NA,NA,NA,NA,NA,NA,NA,NA,NA,NA,NA,NA,NA,NA,NA,NA,NA,NA,NA,NA,NA,NA,NA,NA,NA,NA,NA,NA,NA,NA,NA,NA
Bogotá,Antonio Nariño,2007,NA,NA,NA,NA,NA,NA,NA,NA,NA,NA,NA,NA,NA,NA,NA,NA,150,NA,NA,NA,1656,0.0410,NA,NA,NA,NA,NA,NA,NA,NA,NA,0.043,NA,NA,NA,NA,NA,NA,NA,NA,NA,NA,NA,NA,NA,NA,26.88,NA,NA,NA,NA,NA,NA,NA,NA,NA,NA,NA,NA,NA,NA,NA,NA,NA,NA,NA,NA,NA,NA,NA,NA,NA,NA,NA,NA,NA,NA,NA,NA,NA,NA,NA,NA,NA,NA,NA,NA,NA,NA,NA,NA,NA,NA,NA,NA,NA,NA,NA,NA,NA,NA,NA
Bogotá,Antonio Nariño,2008,1.2136,NA,NA,1.0242,1.3984,1.3985,NA,NA,NA,NA,NA,NA,NA,NA,NA,NA,111,NA,NA,NA,1794,0.0420,NA,NA,NA,NA,NA,NA,NA,NA,NA,0.0272,NA,NA,NA,NA,NA,NA,NA,NA,NA,NA,NA,NA,NA,NA,28.21,NA,NA,NA,NA,NA,NA,NA,NA,NA,NA,NA,NA,NA,NA,NA,NA,NA,NA,NA,NA,NA,NA,NA,NA,NA,NA,NA,NA,NA,NA,NA,NA,NA,NA,NA,NA,NA,NA,NA,NA,NA,NA,NA,NA,NA,NA,NA,NA,NA,NA,NA,NA,NA,NA,NA
Bogotá,Antonio Nariño,2009,1.2617,NA,0.8752,1.0597,1.4769,1.4655,NA,NA,NA,NA,NA,NA,21397,NA,NA,NA,315,NA,NA,NA,1635,0.0570,NA,NA,NA,NA,NA,NA,NA,NA,NA,0.04,NA,NA,NA,NA,NA,NA,NA,NA,NA,NA,NA,NA,NA,NA,28.49,NA,NA,NA,NA,NA,NA,NA,NA,NA,NA,NA,NA,NA,NA,NA,NA,0.56,NA,NA,NA,NA,NA,NA,NA,NA,NA,NA,NA,NA,NA,NA,NA,NA,NA,NA,NA,NA,NA,NA,NA,NA,NA,NA,NA,NA,NA,NA,NA,NA,NA,NA,NA,NA,NA,NA
Bogotá,Antonio Nariño,2010,1.2343,NA,0.8782,1.0411,1.4143,1.4666,NA,NA,NA,NA,NA,NA,20881,86,620,149,627,659,NA,894,2009,0.0600,NA,NA,NA,NA,NA,NA,NA,NA,NA,0.04,NA,NA,NA,NA,NA,NA,NA,NA,NA,NA,NA,NA,NA,NA,29.58,NA,NA,NA,NA,NA,NA,NA,NA,NA,NA,NA,NA,NA,NA,NA,NA,0.56,NA,NA,NA,NA,NA,NA,NA,NA,NA,NA,NA,NA,NA,NA,NA,NA,NA,NA,NA,NA,NA,NA,NA,NA,NA,NA,NA,NA,NA,NA,NA,NA,NA,NA,NA,NA,NA,NA
Bogotá,Antonio Nariño,2011,1.2547,NA,0.8585,1.0548,1.4451,1.5050,NA,NA,NA,NA,NA,NA,20473,87,550,136,604,665,NA,888,1878,0.0730,NA,NA,NA,NA,NA,NA,NA,NA,NA,0.098,NA,NA,NA,NA,NA,NA,NA,NA,NA,NA,NA,NA,NA,NA,28.82,NA,NA,NA,NA,NA,NA,NA,NA,NA,NA,NA,NA,NA,NA,NA,NA,0.78,NA,NA,NA,NA,NA,NA,NA,NA,NA,NA,NA,NA,NA,NA,NA,NA,NA,NA,NA,NA,NA,NA,NA,NA,NA,NA,NA,NA,NA,NA,NA,NA,NA,NA,NA,NA,NA,NA
Bogotá,Antonio Nariño,2012,1.1880,NA,0.8044,0.9926,1.3984,1.3887,NA,NA,NA,NA,NA,NA,20096,115,423,150,578,636,NA,901,1656,0.0550,0.0080,0.0550,NA,0.0440,NA,0.0700,NA,0.0460,NA,0.097,NA,NA,NA,NA,NA,NA,NA,NA,NA,NA,NA,NA,NA,NA,25.89,NA,NA,NA,NA,NA,NA,NA,NA,NA,NA,NA,NA,NA,NA,NA,NA,0.89,NA,NA,NA,NA,NA,NA,NA,NA,NA,NA,NA,NA,NA,NA,NA,NA,NA,NA,NA,NA,NA,NA,NA,NA,NA,NA,NA,NA,NA,NA,NA,NA,NA,NA,NA,NA,NA,NA
Bogotá,Antonio Nariño,2013,1.1310,NA,0.8720,0.9657,1.2913,1.3116,NA,NA,NA,NA,NA,NA,19727,58,455,111,551,595,NA,764,1794,0.0490,0.0070,0.0450,0.0080,0.0550,0.0030,0.0450,0.0100,0.0470,0.0080,0.073,NA,0.0010,NA,0.0530,NA,0.1130,NA,0.0570,NA,NA,NA,NA,NA,NA,23.44,NA,NA,NA,NA,NA,NA,NA,NA,NA,NA,NA,NA,NA,NA,NA,NA,0.78,NA,NA,NA,NA,NA,NA,NA,NA,NA,NA,NA,NA,NA,NA,NA,NA,NA,NA,NA,NA,NA,NA,NA,NA,NA,NA,NA,NA,NA,NA,NA,NA,NA,NA,NA,NA,NA,NA
Bogotá,Antonio Nariño,2014,1.2020,NA,1.2020,0.9919,1.3582,1.5573,NA,NA,NA,NA,NA,NA,19360,263,403,315,560,578,672,1156,1635,0.0346,0.0080,0.0102,0.0050,NA,NA,NA,NA,NA,NA,0.075,0.0220,0.0000,0.0040,0.0480,0.0070,0.1170,0.0410,0.0620,0.0250,NA,NA,22.20,30.50,22.60,24.90,NA,0.2000,0.8000,0.0000,0.5000,0.2500,0.2500,0.0000,0.0000,0.0000,0.0000,0.0000,0.0000,0.0000,0.0000,0.0000,NA,NA,NA,NA,NA,NA,NA,NA,NA,NA,NA,NA,NA,NA,NA,NA,NA,NA,NA,NA,NA,NA,NA,NA,NA,NA,NA,NA,NA,NA,NA,NA,NA,NA,NA,NA,NA,NA,NA
Bogotá,Antonio Nariño,2015,1.1680,NA,0.8400,0.9960,1.3130,1.4250,NA,NA,NA,NA,NA,NA,18977,288,455,304,577,578,705,1170,1737,NA,NA,NA,NA,NA,NA,NA,NA,NA,NA,0.0899,0.0220,0.0000,0.0094,0.0479,0.0101,0.1496,0.0394,0.0856,0.0148,NA,NA,21.30,29.00,21.30,23.60,NA,0.0000,1.0000,0.0000,0.7690,0.2310,0.0000,NA,NA,NA,NA,NA,NA,NA,0.0000,0.0000,NA,NA,NA,NA,NA,NA,NA,NA,NA,NA,NA,NA,NA,NA,NA,NA,NA,NA,NA,NA,NA,NA,NA,NA,NA,NA,NA,NA,NA,NA,NA,NA,NA,NA,NA,NA,NA,NA,NA
Bogotá,Puente Aranda,2005,NA,NA,NA,NA,NA,NA,NA,NA,NA,NA,NA,NA,NA,NA,NA,NA,391,NA,NA,NA,5485,0.0370,NA,NA,NA,NA,NA,NA,NA,NA,NA,0.028,NA,NA,NA,NA,NA,NA,NA,NA,NA,NA,NA,NA,NA,NA,30.45,NA,NA,NA,NA,NA,NA,NA,NA,NA,NA,NA,NA,NA,NA,NA,NA,NA,NA,NA,NA,NA,NA,NA,NA,NA,NA,NA,NA,NA,NA,NA,NA,NA,NA,NA,NA,NA,NA,NA,NA,NA,NA,NA,NA,NA,NA,NA,NA,NA,NA,NA,NA,NA,NA,NA
Bogotá,Puente Aranda,2006,NA,NA,NA,NA,NA,NA,NA,NA,NA,NA,NA,NA,NA,NA,NA,NA,313,NA,NA,NA,5249,0.0450,NA,NA,NA,NA,NA,NA,NA,NA,NA,0.03,NA,NA,NA,NA,NA,NA,NA,NA,NA,NA,NA,NA,NA,NA,30.50,NA,NA,NA,NA,NA,NA,NA,NA,NA,NA,NA,NA,NA,NA,NA,NA,NA,NA,NA,NA,NA,NA,NA,NA,NA,NA,NA,NA,NA,NA,NA,NA,NA,NA,NA,NA,NA,NA,NA,NA,NA,NA,NA,NA,NA,NA,NA,NA,NA,NA,NA,NA,NA,NA,NA
Bogotá,Puente Aranda,2007,NA,NA,NA,NA,NA,NA,NA,NA,NA,NA,NA,NA,NA,NA,NA,NA,284,NA,NA,NA,4580,0.0540,NA,NA,NA,NA,NA,NA,NA,NA,NA,0.034,NA,NA,NA,NA,NA,NA,NA,NA,NA,NA,NA,NA,NA,NA,29.65,NA,NA,NA,NA,NA,NA,NA,NA,NA,NA,NA,NA,NA,NA,NA,NA,NA,NA,NA,NA,NA,NA,NA,NA,NA,NA,NA,NA,NA,NA,NA,NA,NA,NA,NA,NA,NA,NA,NA,NA,NA,NA,NA,NA,NA,NA,NA,NA,NA,NA,NA,NA,NA,NA,NA
Bogotá,Puente Aranda,2008,1.1238,NA,NA,1.1880,1.1798,0.9127,NA,NA,NA,NA,NA,NA,NA,NA,NA,NA,291,NA,NA,NA,4846,0.0430,NA,NA,NA,NA,NA,NA,NA,NA,NA,0.0363,NA,NA,NA,NA,NA,NA,NA,NA,NA,NA,NA,NA,NA,NA,28.74,NA,NA,NA,NA,NA,NA,NA,NA,NA,NA,NA,NA,NA,NA,NA,NA,NA,NA,NA,NA,NA,NA,NA,NA,NA,NA,NA,NA,NA,NA,NA,NA,NA,NA,NA,NA,NA,NA,NA,NA,NA,NA,NA,NA,NA,NA,NA,NA,NA,NA,NA,NA,NA,NA,NA
Bogotá,Puente Aranda,2009,1.1125,NA,1.0095,1.1671,1.1626,0.9458,NA,NA,NA,NA,NA,NA,45776,NA,NA,NA,688,NA,NA,NA,4889,0.0420,NA,NA,NA,NA,NA,NA,NA,NA,NA,0.037,NA,NA,NA,NA,NA,NA,NA,NA,NA,NA,NA,NA,NA,NA,27.75,NA,NA,NA,NA,NA,NA,NA,NA,NA,NA,NA,NA,NA,NA,NA,NA,0.74,NA,NA,NA,NA,NA,NA,NA,NA,NA,NA,NA,NA,NA,NA,NA,NA,NA,NA,NA,NA,NA,NA,NA,NA,NA,NA,NA,NA,NA,NA,NA,NA,NA,NA,NA,NA,NA,NA
Bogotá,Puente Aranda,2010,1.1245,NA,1.0633,1.1641,1.1773,0.9690,NA,NA,NA,NA,NA,NA,44630,3,1662,391,1794,1580,NA,1974,5485,0.0450,NA,NA,NA,NA,NA,NA,NA,NA,NA,0.045,NA,NA,NA,NA,NA,NA,NA,NA,NA,NA,NA,NA,NA,NA,28.22,NA,NA,NA,NA,NA,NA,NA,NA,NA,NA,NA,NA,NA,NA,NA,NA,0.82,NA,NA,NA,NA,NA,NA,NA,NA,NA,NA,NA,NA,NA,NA,NA,NA,NA,NA,NA,NA,NA,NA,NA,NA,NA,NA,NA,NA,NA,NA,NA,NA,NA,NA,NA,NA,NA,NA
Bogotá,Puente Aranda,2011,1.1396,NA,1.0406,1.1853,1.1705,1.0274,NA,NA,NA,NA,NA,NA,43590,NA,1569,313,1747,1550,NA,1863,5249,0.0690,NA,NA,NA,NA,NA,NA,NA,NA,NA,0.0998,NA,NA,NA,NA,NA,NA,NA,NA,NA,NA,NA,NA,NA,NA,27.21,NA,NA,NA,NA,NA,NA,NA,NA,NA,NA,NA,NA,NA,NA,NA,NA,0.89,NA,NA,NA,NA,NA,NA,NA,NA,NA,NA,NA,NA,NA,NA,NA,NA,NA,NA,NA,NA,NA,NA,NA,NA,NA,NA,NA,NA,NA,NA,NA,NA,NA,NA,NA,NA,NA,NA
Bogotá,Puente Aranda,2012,1.1080,NA,1.0121,1.1175,1.1880,0.9791,NA,NA,NA,NA,NA,NA,42599,NA,1269,284,1557,1584,NA,1868,4580,0.0550,0.0100,0.0590,NA,0.0590,NA,0.0590,NA,0.0380,NA,0.08,NA,NA,NA,NA,NA,NA,NA,NA,NA,NA,NA,NA,NA,NA,24.42,NA,NA,NA,NA,NA,NA,NA,NA,NA,NA,NA,NA,NA,NA,NA,NA,0.86,NA,NA,NA,NA,NA,NA,NA,NA,NA,NA,NA,NA,NA,NA,NA,NA,NA,NA,NA,NA,NA,NA,NA,NA,NA,NA,NA,NA,NA,NA,NA,NA,NA,NA,NA,NA,NA,NA
Bogotá,Puente Aranda,2013,1.0980,NA,1.0591,1.1175,1.1633,0.9504,NA,NA,NA,NA,NA,NA,41672,NA,1301,291,1591,1489,NA,1780,4846,0.0410,0.0100,0.0540,0.0100,0.0400,0.0100,0.0450,0.0090,0.0290,0.0110,0.071,NA,0.0100,NA,0.0410,NA,0.1160,NA,0.0600,NA,NA,NA,NA,NA,NA,23.25,NA,NA,NA,NA,NA,NA,NA,NA,NA,NA,NA,NA,NA,NA,NA,NA,0.80,NA,NA,NA,NA,NA,NA,NA,NA,NA,NA,NA,NA,NA,NA,NA,NA,NA,NA,NA,NA,NA,NA,NA,NA,NA,NA,NA,NA,NA,NA,NA,NA,NA,NA,NA,NA,NA,NA
Bogotá,Puente Aranda,2014,1.1280,NA,1.1280,1.1605,1.1797,0.9894,NA,NA,NA,NA,NA,NA,40834,417,1216,688,1678,1450,1995,2555,4889,0.0370,0.0080,0.0201,0.0080,NA,NA,NA,NA,NA,NA,0.065,0.0150,0.0070,0.0050,0.0440,0.0070,0.0950,0.0350,0.0540,0.0140,NA,NA,29.00,26.00,23.10,24.60,NA,0.3333,0.6670,0.0000,0.6429,0.2857,0.0714,0.0000,0.0000,0.0000,0.0000,0.0000,0.0000,0.0000,0.0000,0.0000,NA,NA,NA,NA,NA,NA,NA,NA,NA,NA,NA,NA,NA,NA,NA,NA,NA,NA,NA,NA,NA,NA,NA,NA,NA,NA,NA,NA,NA,NA,NA,NA,NA,NA,NA,NA,NA,NA,NA
Bogotá,Puente Aranda,2015,1.1540,NA,1.0790,1.2250,1.1940,0.9570,NA,NA,NA,NA,NA,NA,40109,422,1320,839,1601,1413,2008,2674,4929,NA,NA,NA,NA,NA,NA,NA,NA,NA,NA,0.0622,0.0122,0.0027,0.0033,0.0397,0.0050,0.1005,0.0261,0.0490,0.0125,NA,NA,26.70,25.00,21.20,23.00,NA,0.4000,0.5330,0.0670,0.7080,0.2500,0.0420,NA,NA,NA,NA,NA,NA,NA,0.0000,0.0000,NA,NA,NA,NA,NA,NA,NA,NA,NA,NA,NA,NA,NA,NA,NA,NA,NA,NA,NA,NA,NA,NA,NA,NA,NA,NA,NA,NA,NA,NA,NA,NA,NA,NA,NA,NA,NA,NA,NA
Bogotá,La Candelaria,2005,NA,NA,NA,NA,NA,NA,NA,NA,NA,NA,NA,NA,NA,NA,NA,NA,15,NA,NA,NA,699,0.0340,NA,NA,NA,NA,NA,NA,NA,NA,NA,0.014,NA,NA,NA,NA,NA,NA,NA,NA,NA,NA,NA,NA,NA,NA,25.68,NA,NA,NA,NA,NA,NA,NA,NA,NA,NA,NA,NA,NA,NA,NA,NA,NA,NA,NA,NA,NA,NA,NA,NA,NA,NA,NA,NA,NA,NA,NA,NA,NA,NA,NA,NA,NA,NA,NA,NA,NA,NA,NA,NA,NA,NA,NA,NA,NA,NA,NA,NA,NA,NA,NA
Bogotá,La Candelaria,2006,NA,NA,NA,NA,NA,NA,NA,NA,NA,NA,NA,NA,NA,NA,NA,NA,19,NA,NA,NA,670,0.0350,NA,NA,NA,NA,NA,NA,NA,NA,NA,0.026,NA,NA,NA,NA,NA,NA,NA,NA,NA,NA,NA,NA,NA,NA,29.07,NA,NA,NA,NA,NA,NA,NA,NA,NA,NA,NA,NA,NA,NA,NA,NA,NA,NA,NA,NA,NA,NA,NA,NA,NA,NA,NA,NA,NA,NA,NA,NA,NA,NA,NA,NA,NA,NA,NA,NA,NA,NA,NA,NA,NA,NA,NA,NA,NA,NA,NA,NA,NA,NA,NA
Bogotá,La Candelaria,2007,NA,NA,NA,NA,NA,NA,NA,NA,NA,NA,NA,NA,NA,NA,NA,NA,17,NA,NA,NA,529,0.0170,NA,NA,NA,NA,NA,NA,NA,NA,NA,0.021,NA,NA,NA,NA,NA,NA,NA,NA,NA,NA,NA,NA,NA,NA,28.88,NA,NA,NA,NA,NA,NA,NA,NA,NA,NA,NA,NA,NA,NA,NA,NA,NA,NA,NA,NA,NA,NA,NA,NA,NA,NA,NA,NA,NA,NA,NA,NA,NA,NA,NA,NA,NA,NA,NA,NA,NA,NA,NA,NA,NA,NA,NA,NA,NA,NA,NA,NA,NA,NA,NA
Bogotá,La Candelaria,2008,3.1686,NA,NA,3.6275,3.4368,2.2725,NA,NA,NA,NA,NA,NA,NA,NA,NA,NA,25,NA,NA,NA,584,0.0950,NA,NA,NA,NA,NA,NA,NA,NA,NA,0.0433,NA,NA,NA,NA,NA,NA,NA,NA,NA,NA,NA,NA,NA,NA,28.03,NA,NA,NA,NA,NA,NA,NA,NA,NA,NA,NA,NA,NA,NA,NA,NA,NA,NA,NA,NA,NA,NA,NA,NA,NA,NA,NA,NA,NA,NA,NA,NA,NA,NA,NA,NA,NA,NA,NA,NA,NA,NA,NA,NA,NA,NA,NA,NA,NA,NA,NA,NA,NA,NA,NA
Bogotá,La Candelaria,2009,2.9878,NA,1.9225,3.3203,3.4349,2.1522,NA,NA,NA,NA,NA,NA,3941,NA,NA,NA,37,NA,NA,NA,553,0.0820,NA,NA,NA,NA,NA,NA,NA,NA,NA,0.043,NA,NA,NA,NA,NA,NA,NA,NA,NA,NA,NA,NA,NA,NA,27.96,NA,NA,NA,NA,NA,NA,NA,NA,NA,NA,NA,NA,NA,NA,NA,NA,0.00,NA,NA,NA,NA,NA,NA,NA,NA,NA,NA,NA,NA,NA,NA,NA,NA,NA,NA,NA,NA,NA,NA,NA,NA,NA,NA,NA,NA,NA,NA,NA,NA,NA,NA,NA,NA,NA,NA
Bogotá,La Candelaria,2010,2.7504,NA,1.9345,2.9164,3.3482,1.9451,NA,NA,NA,NA,NA,NA,3790,NA,86,15,235,183,NA,198,699,0.0220,NA,NA,NA,NA,NA,NA,NA,NA,NA,0.062,NA,NA,NA,NA,NA,NA,NA,NA,NA,NA,NA,NA,NA,NA,28.08,NA,NA,NA,NA,NA,NA,NA,NA,NA,NA,NA,NA,NA,NA,NA,NA,0.00,NA,NA,NA,NA,NA,NA,NA,NA,NA,NA,NA,NA,NA,NA,NA,NA,NA,NA,NA,NA,NA,NA,NA,NA,NA,NA,NA,NA,NA,NA,NA,NA,NA,NA,NA,NA,NA,NA
Bogotá,La Candelaria,2011,2.8189,NA,1.9636,2.8269,3.3383,2.3252,NA,NA,NA,NA,NA,NA,3706,NA,78,19,234,182,NA,201,670,0.0680,NA,NA,NA,NA,NA,NA,NA,NA,NA,0.0489,NA,NA,NA,NA,NA,NA,NA,NA,NA,NA,NA,NA,NA,NA,28.76,NA,NA,NA,NA,NA,NA,NA,NA,NA,NA,NA,NA,NA,NA,NA,NA,0.00,NA,NA,NA,NA,NA,NA,NA,NA,NA,NA,NA,NA,NA,NA,NA,NA,NA,NA,NA,NA,NA,NA,NA,NA,NA,NA,NA,NA,NA,NA,NA,NA,NA,NA,NA,NA,NA,NA
Bogotá,La Candelaria,2012,2.4720,NA,2.0337,2.5075,2.7264,2.1488,NA,NA,NA,NA,NA,NA,3625,NA,69,17,110,193,NA,210,529,0.0260,0.0040,0.0200,NA,0.0210,NA,0.0360,NA,0.0180,NA,0.181,NA,NA,NA,NA,NA,NA,NA,NA,NA,NA,NA,NA,NA,NA,26.60,NA,NA,NA,NA,NA,NA,NA,NA,NA,NA,NA,NA,NA,NA,NA,NA,0.00,NA,NA,NA,NA,NA,NA,NA,NA,NA,NA,NA,NA,NA,NA,NA,NA,NA,NA,NA,NA,NA,NA,NA,NA,NA,NA,NA,NA,NA,NA,NA,NA,NA,NA,NA,NA,NA,NA
Bogotá,La Candelaria,2013,2.3120,NA,1.9122,2.6799,2.3125,1.8290,NA,NA,NA,NA,NA,NA,3563,NA,105,25,161,183,NA,208,584,0.0300,0.0070,0.0000,0.0020,0.0250,0.0070,0.0440,0.0070,0.0210,0.0100,0.087,NA,0.0000,NA,0.0550,NA,0.1320,NA,0.0910,NA,NA,NA,NA,NA,NA,23.76,NA,NA,NA,NA,NA,NA,NA,NA,NA,NA,NA,NA,NA,NA,NA,NA,0.00,NA,NA,NA,NA,NA,NA,NA,NA,NA,NA,NA,NA,NA,NA,NA,NA,NA,NA,NA,NA,NA,NA,NA,NA,NA,NA,NA,NA,NA,NA,NA,NA,NA,NA,NA,NA,NA,NA
Bogotá,La Candelaria,2014,2.3510,NA,2.3510,2.5253,2.6224,1.7352,NA,NA,NA,NA,NA,NA,3503,NA,62,37,149,222,342,259,553,0.0255,0.0070,0.0804,0.0000,NA,NA,NA,NA,NA,NA,0.054,0.0120,0.0000,0.0020,0.0290,0.0070,0.0790,0.0230,0.0590,0.0110,NA,NA,25.90,29.20,21.90,24.60,NA,0.0000,0.5000,0.5000,0.5714,0.4286,0.0000,0.0000,0.0000,0.0000,0.0000,0.0000,0.0000,1.0000,0.0000,0.0000,NA,NA,NA,NA,NA,NA,NA,NA,NA,NA,NA,NA,NA,NA,NA,NA,NA,NA,NA,NA,NA,NA,NA,NA,NA,NA,NA,NA,NA,NA,NA,NA,NA,NA,NA,NA,NA,NA,NA
Bogotá,La Candelaria,2015,2.4900,NA,2.1150,2.7190,2.9050,1.6930,NA,NA,NA,NA,NA,NA,3393,NA,35,22,139,186,383,208,557,NA,NA,NA,NA,NA,NA,NA,NA,NA,NA,0.0816,0.0216,0.0000,0.0000,0.0457,0.0048,0.1389,0.0461,0.0483,0.0254,NA,NA,23.10,29.50,20.60,23.70,NA,0.0000,0.0000,1.0000,0.7780,0.2220,0.0000,NA,NA,NA,NA,NA,NA,NA,0.0000,0.0000,NA,NA,NA,NA,NA,NA,NA,NA,NA,NA,NA,NA,NA,NA,NA,NA,NA,NA,NA,NA,NA,NA,NA,NA,NA,NA,NA,NA,NA,NA,NA,NA,NA,NA,NA,NA,NA,NA,NA
Bogotá,Rafael Uribe Uribe,2005,NA,NA,NA,NA,NA,NA,NA,NA,NA,NA,NA,NA,NA,NA,NA,NA,841,NA,NA,NA,5015,0.0390,NA,NA,NA,NA,NA,NA,NA,NA,NA,0.034,NA,NA,NA,NA,NA,NA,NA,NA,NA,NA,NA,NA,NA,NA,29.31,NA,NA,NA,NA,NA,NA,NA,NA,NA,NA,NA,NA,NA,NA,NA,NA,NA,NA,NA,NA,NA,NA,NA,NA,NA,NA,NA,NA,NA,NA,NA,NA,NA,NA,NA,NA,NA,NA,NA,NA,NA,NA,NA,NA,NA,NA,NA,NA,NA,NA,NA,NA,NA,NA,NA
Bogotá,Rafael Uribe Uribe,2006,NA,NA,NA,NA,NA,NA,NA,NA,NA,NA,NA,NA,NA,NA,NA,NA,879,NA,NA,NA,4566,0.0440,NA,NA,NA,NA,NA,NA,NA,NA,NA,0.029,NA,NA,NA,NA,NA,NA,NA,NA,NA,NA,NA,NA,NA,NA,30.01,NA,NA,NA,NA,NA,NA,NA,NA,NA,NA,NA,NA,NA,NA,NA,NA,NA,NA,NA,NA,NA,NA,NA,NA,NA,NA,NA,NA,NA,NA,NA,NA,NA,NA,NA,NA,NA,NA,NA,NA,NA,NA,NA,NA,NA,NA,NA,NA,NA,NA,NA,NA,NA,NA,NA
Bogotá,Rafael Uribe Uribe,2007,NA,NA,NA,NA,NA,NA,NA,NA,NA,NA,NA,NA,NA,NA,NA,NA,986,NA,NA,NA,3926,0.0520,NA,NA,NA,NA,NA,NA,NA,NA,NA,0.03,NA,NA,NA,NA,NA,NA,NA,NA,NA,NA,NA,NA,NA,NA,28.82,NA,NA,NA,NA,NA,NA,NA,NA,NA,NA,NA,NA,NA,NA,NA,NA,NA,NA,NA,NA,NA,NA,NA,NA,NA,NA,NA,NA,NA,NA,NA,NA,NA,NA,NA,NA,NA,NA,NA,NA,NA,NA,NA,NA,NA,NA,NA,NA,NA,NA,NA,NA,NA,NA,NA
Bogotá,Rafael Uribe Uribe,2008,1.2105,NA,NA,1.2705,1.2637,1.0190,NA,NA,NA,NA,NA,NA,NA,NA,NA,NA,940,NA,NA,NA,5225,0.0460,NA,NA,NA,NA,NA,NA,NA,NA,NA,0.0297,NA,NA,NA,NA,NA,NA,NA,NA,NA,NA,NA,NA,NA,NA,28.40,NA,NA,NA,NA,NA,NA,NA,NA,NA,NA,NA,NA,NA,NA,NA,NA,NA,NA,NA,NA,NA,NA,NA,NA,NA,NA,NA,NA,NA,NA,NA,NA,NA,NA,NA,NA,NA,NA,NA,NA,NA,NA,NA,NA,NA,NA,NA,NA,NA,NA,NA,NA,NA,NA,NA
Bogotá,Rafael Uribe Uribe,2009,1.1997,NA,1.0506,1.2731,1.2507,0.9972,NA,NA,NA,NA,NA,NA,83049,NA,NA,NA,1695,NA,NA,NA,4200,0.0430,NA,NA,NA,NA,NA,NA,NA,NA,NA,0.032,NA,NA,NA,NA,NA,NA,NA,NA,NA,NA,NA,NA,NA,NA,28.62,NA,NA,NA,NA,NA,NA,NA,NA,NA,NA,NA,NA,NA,NA,NA,NA,0.22,NA,NA,NA,NA,NA,NA,NA,NA,NA,NA,NA,NA,NA,NA,NA,NA,NA,NA,NA,NA,NA,NA,NA,NA,NA,NA,NA,NA,NA,NA,NA,NA,NA,NA,NA,NA,NA,NA
Bogotá,Rafael Uribe Uribe,2010,1.2212,NA,1.0696,1.2781,1.2791,1.0455,NA,NA,NA,NA,NA,NA,81277,185,1029,841,1643,4464,NA,5490,5015,0.0440,NA,NA,NA,NA,NA,NA,NA,NA,NA,0.0486,NA,NA,NA,NA,NA,NA,NA,NA,NA,NA,NA,NA,NA,NA,28.96,NA,NA,NA,NA,NA,NA,NA,NA,NA,NA,NA,NA,NA,NA,NA,NA,0.41,NA,NA,NA,NA,NA,NA,NA,NA,NA,NA,NA,NA,NA,NA,NA,NA,NA,NA,NA,NA,NA,NA,NA,NA,NA,NA,NA,NA,NA,NA,NA,NA,NA,NA,NA,NA,NA,NA
Bogotá,Rafael Uribe Uribe,2011,1.1859,NA,1.0151,1.2163,1.2624,1.0449,NA,NA,NA,NA,NA,NA,79469,162,928,879,1615,4368,NA,5409,4566,0.0520,NA,NA,NA,NA,NA,NA,NA,NA,NA,0.082,NA,NA,NA,NA,NA,NA,NA,NA,NA,NA,NA,NA,NA,NA,27.50,NA,NA,NA,NA,NA,NA,NA,NA,NA,NA,NA,NA,NA,NA,NA,NA,0.58,NA,NA,NA,NA,NA,NA,NA,NA,NA,NA,NA,NA,NA,NA,NA,NA,NA,NA,NA,NA,NA,NA,NA,NA,NA,NA,NA,NA,NA,NA,NA,NA,NA,NA,NA,NA,NA,NA
Bogotá,Rafael Uribe Uribe,2012,1.1300,NA,1.0069,1.1373,1.2359,0.9632,NA,NA,NA,NA,NA,NA,77785,194,872,986,1183,4391,NA,5571,3926,0.0450,0.0210,0.0470,NA,0.0290,NA,0.0610,NA,0.0480,NA,0.083,NA,NA,NA,NA,NA,NA,NA,NA,NA,NA,NA,NA,NA,NA,25.24,NA,NA,NA,NA,NA,NA,NA,NA,NA,NA,NA,NA,NA,NA,NA,NA,0.60,NA,NA,NA,NA,NA,NA,NA,NA,NA,NA,NA,NA,NA,NA,NA,NA,NA,NA,NA,NA,NA,NA,NA,NA,NA,NA,NA,NA,NA,NA,NA,NA,NA,NA,NA,NA,NA,NA
Bogotá,Rafael Uribe Uribe,2013,1.2070,NA,1.1472,1.2326,1.2804,1.0334,NA,NA,NA,NA,NA,NA,76227,241,1017,940,1683,4521,NA,5702,5225,0.0450,0.0180,0.0410,0.0160,0.0330,0.0140,0.0620,0.0230,0.0390,0.0180,0.066,NA,0.0030,NA,0.0450,NA,0.1150,NA,0.0520,NA,NA,NA,NA,NA,NA,24.47,NA,NA,NA,NA,NA,NA,NA,NA,NA,NA,NA,NA,NA,NA,NA,NA,0.63,NA,NA,NA,NA,NA,NA,NA,NA,NA,NA,NA,NA,NA,NA,NA,NA,NA,NA,NA,NA,NA,NA,NA,NA,NA,NA,NA,NA,NA,NA,NA,NA,NA,NA,NA,NA,NA,NA
Bogotá,Rafael Uribe Uribe,2014,1.2120,NA,1.2120,1.1981,1.3240,1.0981,NA,NA,NA,NA,NA,NA,74854,1087,798,1695,1257,4289,2145,7071,4200,0.0243,0.0140,0.0264,0.0100,NA,NA,NA,NA,NA,NA,0.062,0.0140,0.0020,0.0030,0.0420,0.0080,0.0970,0.0290,0.0560,0.0110,NA,NA,23.20,25.90,24.30,24.70,NA,0.0833,0.7080,0.2083,0.5000,0.1765,0.3235,0.0000,1.0000,0.0000,0.1670,0.6670,0.1670,0.0000,0.0000,0.0000,NA,NA,NA,NA,NA,NA,NA,NA,NA,NA,NA,NA,NA,NA,NA,NA,NA,NA,NA,NA,NA,NA,NA,NA,NA,NA,NA,NA,NA,NA,NA,NA,NA,NA,NA,NA,NA,NA,NA
Bogotá,Rafael Uribe Uribe,2015,1.1760,NA,1.0330,1.2080,1.2450,1.0370,NA,NA,NA,NA,NA,NA,73588,1327,762,1909,1331,4019,2163,7255,4256,NA,NA,NA,NA,NA,NA,NA,NA,NA,NA,0.0546,0.0199,0.0007,0.0082,0.0344,0.0094,0.0937,0.0410,0.0461,0.0117,NA,NA,22.00,26.80,22.80,24.10,NA,0.0910,0.7270,0.1820,0.6670,0.1480,0.1850,0.0000,1.0000,0.0000,0.2000,0.4000,0.4000,NA,0.0000,0.0000,NA,NA,NA,NA,NA,NA,NA,NA,NA,NA,NA,NA,NA,NA,NA,NA,NA,NA,NA,NA,NA,NA,NA,NA,NA,NA,NA,NA,NA,NA,NA,NA,NA,NA,NA,NA,NA,NA,NA
Bogotá,Ciudad Bolívar,2005,NA,NA,NA,NA,NA,NA,NA,NA,NA,NA,NA,NA,NA,NA,NA,NA,275,NA,NA,NA,3931,0.0290,NA,NA,NA,NA,NA,NA,NA,NA,NA,0.039,NA,NA,NA,NA,NA,NA,NA,NA,NA,NA,NA,NA,NA,NA,31.56,NA,NA,NA,NA,NA,NA,NA,NA,NA,NA,NA,NA,NA,NA,NA,NA,NA,NA,NA,NA,NA,NA,NA,NA,NA,NA,NA,NA,NA,NA,NA,NA,NA,NA,NA,NA,NA,NA,NA,NA,NA,NA,NA,NA,NA,NA,NA,NA,NA,NA,NA,NA,NA,NA,NA
Bogotá,Ciudad Bolívar,2006,NA,NA,NA,NA,NA,NA,NA,NA,NA,NA,NA,NA,NA,NA,NA,NA,278,NA,NA,NA,3879,0.0370,NA,NA,NA,NA,NA,NA,NA,NA,NA,0.033,NA,NA,NA,NA,NA,NA,NA,NA,NA,NA,NA,NA,NA,NA,32.77,NA,NA,NA,NA,NA,NA,NA,NA,NA,NA,NA,NA,NA,NA,NA,NA,NA,NA,NA,NA,NA,NA,NA,NA,NA,NA,NA,NA,NA,NA,NA,NA,NA,NA,NA,NA,NA,NA,NA,NA,NA,NA,NA,NA,NA,NA,NA,NA,NA,NA,NA,NA,NA,NA,NA
Bogotá,Ciudad Bolívar,2007,NA,NA,NA,NA,NA,NA,NA,NA,NA,NA,NA,NA,NA,NA,NA,NA,203,NA,NA,NA,3687,0.0420,NA,NA,NA,NA,NA,NA,NA,NA,NA,0.036,NA,NA,NA,NA,NA,NA,NA,NA,NA,NA,NA,NA,NA,NA,30.96,NA,NA,NA,NA,NA,NA,NA,NA,NA,NA,NA,NA,NA,NA,NA,NA,NA,NA,NA,NA,NA,NA,NA,NA,NA,NA,NA,NA,NA,NA,NA,NA,NA,NA,NA,NA,NA,NA,NA,NA,NA,NA,NA,NA,NA,NA,NA,NA,NA,NA,NA,NA,NA,NA,NA
Bogotá,Ciudad Bolívar,2008,0.8621,NA,NA,0.9852,0.8548,0.5922,NA,NA,NA,NA,NA,NA,NA,NA,NA,NA,238,NA,NA,NA,5035,0.0300,NA,NA,NA,NA,NA,NA,NA,NA,NA,0.0322,NA,NA,NA,NA,NA,NA,NA,NA,NA,NA,NA,NA,NA,NA,30.45,NA,NA,NA,NA,NA,NA,NA,NA,NA,NA,NA,NA,NA,NA,NA,NA,NA,NA,NA,NA,NA,NA,NA,NA,NA,NA,NA,NA,NA,NA,NA,NA,NA,NA,NA,NA,NA,NA,NA,NA,NA,NA,NA,NA,NA,NA,NA,NA,NA,NA,NA,NA,NA,NA,NA
Bogotá,Ciudad Bolívar,2009,0.8720,NA,0.7685,0.9888,0.8763,0.6221,NA,NA,NA,NA,NA,NA,156349,NA,NA,NA,1464,NA,NA,NA,3709,0.0320,NA,NA,NA,NA,NA,NA,NA,NA,NA,0.033,NA,NA,NA,NA,NA,NA,NA,NA,NA,NA,NA,NA,NA,NA,31.01,NA,NA,NA,NA,NA,NA,NA,NA,NA,NA,NA,NA,NA,NA,NA,NA,0.04,NA,NA,NA,NA,NA,NA,NA,NA,NA,NA,NA,NA,NA,NA,NA,NA,NA,NA,NA,NA,NA,NA,NA,NA,NA,NA,NA,NA,NA,NA,NA,NA,NA,NA,NA,NA,NA,NA
Bogotá,Ciudad Bolívar,2010,0.8642,NA,0.7498,0.9512,0.8843,0.6627,NA,NA,NA,NA,NA,NA,156527,61,665,275,1167,7459,NA,7795,3931,0.0350,NA,NA,NA,NA,NA,NA,NA,NA,NA,0.0313,NA,NA,NA,NA,NA,NA,NA,NA,NA,NA,NA,NA,NA,NA,31.32,NA,NA,NA,NA,NA,NA,NA,NA,NA,NA,NA,NA,NA,NA,NA,NA,0.07,NA,NA,NA,NA,NA,NA,NA,NA,NA,NA,NA,NA,NA,NA,NA,NA,NA,NA,NA,NA,NA,NA,NA,NA,NA,NA,NA,NA,NA,NA,NA,NA,NA,NA,NA,NA,NA,NA
Bogotá,Ciudad Bolívar,2011,0.8353,NA,0.7108,0.9102,0.8700,0.6413,NA,NA,NA,NA,NA,NA,156356,NA,710,278,1145,7144,NA,7422,3879,0.0360,NA,NA,NA,NA,NA,NA,NA,NA,NA,0.0765,NA,NA,NA,NA,NA,NA,NA,NA,NA,NA,NA,NA,NA,NA,30.37,NA,NA,NA,NA,NA,NA,NA,NA,NA,NA,NA,NA,NA,NA,NA,NA,0.14,NA,NA,NA,NA,NA,NA,NA,NA,NA,NA,NA,NA,NA,NA,NA,NA,NA,NA,NA,NA,NA,NA,NA,NA,NA,NA,NA,NA,NA,NA,NA,NA,NA,NA,NA,NA,NA,NA
Bogotá,Ciudad Bolívar,2012,0.8140,NA,0.6934,0.8626,0.8741,0.6300,NA,NA,NA,NA,NA,NA,156397,NA,401,203,1020,6767,NA,6970,3687,0.0250,0.0180,0.0160,NA,0.0170,NA,0.0340,NA,0.0320,NA,0.08,NA,NA,NA,NA,NA,NA,NA,NA,NA,NA,NA,NA,NA,NA,28.69,NA,NA,NA,NA,NA,NA,NA,NA,NA,NA,NA,NA,NA,NA,NA,NA,0.21,NA,NA,NA,NA,NA,NA,NA,NA,NA,NA,NA,NA,NA,NA,NA,NA,NA,NA,NA,NA,NA,NA,NA,NA,NA,NA,NA,NA,NA,NA,NA,NA,NA,NA,NA,NA,NA,NA
Bogotá,Ciudad Bolívar,2013,0.7980,NA,0.7110,0.8548,0.8466,0.6045,NA,NA,NA,NA,NA,NA,156656,NA,729,238,1439,6480,NA,6718,5035,0.0200,0.0160,0.0150,0.0180,0.0130,0.0150,0.0270,0.0170,0.0230,0.0190,0.069,NA,0.0040,NA,0.0550,NA,0.1050,NA,0.0610,NA,NA,NA,NA,NA,NA,26.55,NA,NA,NA,NA,NA,NA,NA,NA,NA,NA,NA,NA,NA,NA,NA,NA,0.20,NA,NA,NA,NA,NA,NA,NA,NA,NA,NA,NA,NA,NA,NA,NA,NA,NA,NA,NA,NA,NA,NA,NA,NA,NA,NA,NA,NA,NA,NA,NA,NA,NA,NA,NA,NA,NA,NA
Bogotá,Ciudad Bolívar,2014,0.7760,NA,0.7760,0.8048,0.8386,0.6317,NA,NA,NA,NA,NA,NA,157288,1089,378,1464,951,6492,2380,9045,3709,0.0202,0.0080,0.0150,0.0120,NA,NA,NA,NA,NA,NA,0.077,0.0160,0.0040,0.0050,0.0590,0.0150,0.1130,0.0310,0.0650,0.0130,NA,NA,23.00,30.10,25.20,26.80,NA,0.0000,0.2570,0.7429,0.4167,0.1667,0.4167,0.3330,0.3330,0.0000,0.0910,0.5910,0.3180,0.0000,0.0000,0.0000,NA,NA,NA,NA,NA,NA,NA,NA,NA,NA,NA,NA,NA,NA,NA,NA,NA,NA,NA,NA,NA,NA,NA,NA,NA,NA,NA,NA,NA,NA,NA,NA,NA,NA,NA,NA,NA,NA,NA
Bogotá,Ciudad Bolívar,2015,0.7350,NA,0.6650,0.7840,0.7760,0.5630,NA,NA,NA,NA,NA,NA,158196,1429,445,1929,1198,6510,2372,9868,4015,NA,NA,NA,NA,NA,NA,NA,NA,NA,NA,0.0425,0.0135,0.0029,0.0019,0.0323,0.0076,0.0626,0.0339,0.0421,0.0098,NA,NA,22.90,29.50,24.60,26.20,NA,0.0000,0.3240,0.6760,0.3640,0.3640,0.2730,0.5000,0.5000,0.0000,0.1500,0.6500,0.2000,NA,0.0000,0.0000,NA,NA,NA,NA,NA,NA,NA,NA,NA,NA,NA,NA,NA,NA,NA,NA,NA,NA,NA,NA,NA,NA,NA,NA,NA,NA,NA,NA,NA,NA,NA,NA,NA,NA,NA,NA,NA,NA,NA
Bogotá,Sumapaz,2005,NA,NA,NA,NA,NA,NA,NA,NA,NA,NA,NA,NA,NA,NA,NA,NA,34,NA,NA,NA,NA,0.0120,NA,NA,NA,NA,NA,NA,NA,NA,NA,0.002,NA,NA,NA,NA,NA,NA,NA,NA,NA,NA,NA,NA,NA,NA,15.96,NA,NA,NA,NA,NA,NA,NA,NA,NA,NA,NA,NA,NA,NA,NA,NA,NA,NA,NA,NA,NA,NA,NA,NA,NA,NA,NA,NA,NA,NA,NA,NA,NA,NA,NA,NA,NA,NA,NA,NA,NA,NA,NA,NA,NA,NA,NA,NA,NA,NA,NA,NA,NA,NA,NA
Bogotá,Sumapaz,2006,NA,NA,NA,NA,NA,NA,NA,NA,NA,NA,NA,NA,NA,NA,NA,NA,28,NA,NA,NA,NA,0.0070,NA,NA,NA,NA,NA,NA,NA,NA,NA,0.015,NA,NA,NA,NA,NA,NA,NA,NA,NA,NA,NA,NA,NA,NA,19.23,NA,NA,NA,NA,NA,NA,NA,NA,NA,NA,NA,NA,NA,NA,NA,NA,NA,NA,NA,NA,NA,NA,NA,NA,NA,NA,NA,NA,NA,NA,NA,NA,NA,NA,NA,NA,NA,NA,NA,NA,NA,NA,NA,NA,NA,NA,NA,NA,NA,NA,NA,NA,NA,NA,NA
Bogotá,Sumapaz,2007,NA,NA,NA,NA,NA,NA,NA,NA,NA,NA,NA,NA,NA,NA,NA,NA,20,NA,NA,NA,NA,0.0120,NA,NA,NA,NA,NA,NA,NA,NA,NA,0.016,NA,NA,NA,NA,NA,NA,NA,NA,NA,NA,NA,NA,NA,NA,15.69,NA,NA,NA,NA,NA,NA,NA,NA,NA,NA,NA,NA,NA,NA,NA,NA,NA,NA,NA,NA,NA,NA,NA,NA,NA,NA,NA,NA,NA,NA,NA,NA,NA,NA,NA,NA,NA,NA,NA,NA,NA,NA,NA,NA,NA,NA,NA,NA,NA,NA,NA,NA,NA,NA,NA
Bogotá,Sumapaz,2008,0.7539,NA,NA,0.5888,1.0170,0.7253,NA,NA,NA,NA,NA,NA,NA,NA,NA,NA,33,NA,NA,NA,NA,0.0230,NA,NA,NA,NA,NA,NA,NA,NA,NA,0.0221,NA,NA,NA,NA,NA,NA,NA,NA,NA,NA,NA,NA,NA,NA,15.08,NA,NA,NA,NA,NA,NA,NA,NA,NA,NA,NA,NA,NA,NA,NA,NA,NA,NA,NA,NA,NA,NA,NA,NA,NA,NA,NA,NA,NA,NA,NA,NA,NA,NA,NA,NA,NA,NA,NA,NA,NA,NA,NA,NA,NA,NA,NA,NA,NA,NA,NA,NA,NA,NA,NA
Bogotá,Sumapaz,2009,0.7132,NA,0.4576,0.5961,0.8515,0.8141,NA,NA,NA,NA,NA,NA,1639,NA,NA,NA,23,NA,NA,NA,NA,0.0480,NA,NA,NA,NA,NA,NA,NA,NA,NA,0.004,NA,NA,NA,NA,NA,NA,NA,NA,NA,NA,NA,NA,NA,NA,12.85,NA,NA,NA,NA,NA,NA,NA,NA,NA,NA,NA,NA,NA,NA,NA,NA,0.00,NA,NA,NA,NA,NA,NA,NA,NA,NA,NA,NA,NA,NA,NA,NA,NA,NA,NA,NA,NA,NA,NA,NA,NA,NA,NA,NA,NA,NA,NA,NA,NA,NA,NA,NA,NA,NA,NA
Bogotá,Sumapaz,2010,0.7446,NA,0.3894,0.5948,0.8396,1.0491,NA,NA,NA,NA,NA,NA,1625,9,0,34,0,44,NA,87,NA,0.0200,NA,NA,NA,NA,NA,NA,NA,NA,NA,0.0061,NA,NA,NA,NA,NA,NA,NA,NA,NA,NA,NA,NA,NA,NA,12.92,NA,NA,NA,NA,NA,NA,NA,NA,NA,NA,NA,NA,NA,NA,NA,NA,0.00,NA,NA,NA,NA,NA,NA,NA,NA,NA,NA,NA,NA,NA,NA,NA,NA,NA,NA,NA,NA,NA,NA,NA,NA,NA,NA,NA,NA,NA,NA,NA,NA,NA,NA,NA,NA,NA,NA
Bogotá,Sumapaz,2011,0.7280,NA,0.4274,0.5592,0.8126,1.0787,NA,NA,NA,NA,NA,NA,1588,7,0,28,0,50,NA,85,NA,0.0160,NA,NA,NA,NA,NA,NA,NA,NA,NA,0.0358,NA,NA,NA,NA,NA,NA,NA,NA,NA,NA,NA,NA,NA,NA,10.83,NA,NA,NA,NA,NA,NA,NA,NA,NA,NA,NA,NA,NA,NA,NA,NA,0.00,NA,NA,NA,NA,NA,NA,NA,NA,NA,NA,NA,NA,NA,NA,NA,NA,NA,NA,NA,NA,NA,NA,NA,NA,NA,NA,NA,NA,NA,NA,NA,NA,NA,NA,NA,NA,NA,NA
Bogotá,Sumapaz,2012,0.6130,NA,0.3613,0.4825,0.6910,0.8750,NA,NA,NA,NA,NA,NA,1560,4,0,20,0,43,NA,67,NA,0.0620,NA,0.0760,NA,0.0410,NA,0.0710,NA,0.0750,NA,0.028,NA,NA,NA,NA,NA,NA,NA,NA,NA,NA,NA,NA,NA,NA,7.60,NA,NA,NA,NA,NA,NA,NA,NA,NA,NA,NA,NA,NA,NA,NA,NA,0.00,NA,NA,NA,NA,NA,NA,NA,NA,NA,NA,NA,NA,NA,NA,NA,NA,NA,NA,NA,NA,NA,NA,NA,NA,NA,NA,NA,NA,NA,NA,NA,NA,NA,NA,NA,NA,NA,NA
Bogotá,Sumapaz,2013,0.5340,NA,0.3697,0.4660,0.6119,0.6166,NA,NA,NA,NA,NA,NA,1541,9,0,33,0,44,NA,86,NA,0.0210,NA,0.0000,0.0000,0.0030,0.0000,0.0420,0.0000,0.0300,0.0000,0.055,NA,0.0090,NA,0.0450,NA,0.0700,NA,0.0850,NA,NA,NA,NA,NA,NA,6.98,NA,NA,NA,NA,NA,NA,NA,NA,NA,NA,NA,NA,NA,NA,NA,NA,0.00,NA,NA,NA,NA,NA,NA,NA,NA,NA,NA,NA,NA,NA,NA,NA,NA,NA,NA,NA,NA,NA,NA,NA,NA,NA,NA,NA,NA,NA,NA,NA,NA,NA,NA,NA,NA,NA,NA
Bogotá,Sumapaz,2014,0.5550,NA,0.5550,0.5142,0.5944,0.6466,NA,NA,NA,NA,NA,NA,1537,16,0,23,0,46,0,85,NA,0.0323,NA,0.0000,0.0000,NA,NA,NA,NA,NA,NA,0.044,NA,0.0000,NA,0.0570,0.0000,0.0460,0.0000,0.0230,0.0000,NA,NA,10.60,6.30,7.70,7.30,NA,0.0000,0.0000,1.0000,NA,NA,NA,0.0000,0.0000,0.3330,0.0000,0.0000,0.0000,0.0000,0.0000,0.0000,NA,NA,NA,NA,NA,NA,NA,NA,NA,NA,NA,NA,NA,NA,NA,NA,NA,NA,NA,NA,NA,NA,NA,NA,NA,NA,NA,NA,NA,NA,NA,NA,NA,NA,NA,NA,NA,NA,NA
Bogotá,Sumapaz,2015,0.5200,NA,0.2590,0.4340,0.5730,0.6320,NA,NA,NA,NA,NA,NA,1539,23,0,44,0,29,0,96,NA,NA,NA,NA,NA,NA,NA,NA,NA,NA,NA,0.0392,NA,0.0000,NA,0.0365,NA,0.0554,NA,0.0168,NA,NA,NA,12.00,6.30,8.50,7.80,NA,0.0000,0.0000,1.0000,NA,NA,NA,NA,NA,NA,NA,NA,NA,NA,0.0000,0.0000,NA,NA,NA,NA,NA,NA,NA,NA,NA,NA,NA,NA,NA,NA,NA,NA,NA,NA,NA,NA,NA,NA,NA,NA,NA,NA,NA,NA,NA,NA,NA,NA,NA,NA,NA,NA,NA,NA,NA
